"HitCorrect","age","botresponse","comments","education","endTime","enjoyment","gender","item","languages","refexp1","refexp1_checked","refexp2","refexp2_checked","refexp3","refexp3_checked","refexp_other","startDate","startTime","timeSpent","trial_number","anon_worker_id"
1,39,"Jennifer","The first one threw me for a loop and I had to re-read the short instruction at the top.  From there I was kind of nervous until the white carrot.  From there it was interesting the way that certain items felt more natural to call by certain more specific names.  I wouldn't call the sponge a ""blue sponge"" but I WOULD call the yellow jacket, a yellow jacket.","graduated_college",1552497451910,2,"male","black_feather","English","feather",TRUE,"black feather",FALSE,"other",FALSE,NA,"Wed Mar 13 2019 13:12:52 GMT-0400 (Eastern Daylight Time)",1552497172888,4.65036666666667,1,"639554471433725"
1,39,"Jennifer","The first one threw me for a loop and I had to re-read the short instruction at the top.  From there I was kind of nervous until the white carrot.  From there it was interesting the way that certain items felt more natural to call by certain more specific names.  I wouldn't call the sponge a ""blue sponge"" but I WOULD call the yellow jacket, a yellow jacket.","graduated_college",1552497451910,2,"male","red_book","English","book",TRUE,"red book",FALSE,"other",FALSE,NA,"Wed Mar 13 2019 13:12:52 GMT-0400 (Eastern Daylight Time)",1552497172888,4.65036666666667,2,"639554471433725"
1,39,"Jennifer","The first one threw me for a loop and I had to re-read the short instruction at the top.  From there I was kind of nervous until the white carrot.  From there it was interesting the way that certain items felt more natural to call by certain more specific names.  I wouldn't call the sponge a ""blue sponge"" but I WOULD call the yellow jacket, a yellow jacket.","graduated_college",1552497451910,2,"male","green_broccoli","English","green broccoli",FALSE,"broccoli",TRUE,"other",FALSE,NA,"Wed Mar 13 2019 13:12:52 GMT-0400 (Eastern Daylight Time)",1552497172888,4.65036666666667,3,"639554471433725"
1,39,"Jennifer","The first one threw me for a loop and I had to re-read the short instruction at the top.  From there I was kind of nervous until the white carrot.  From there it was interesting the way that certain items felt more natural to call by certain more specific names.  I wouldn't call the sponge a ""blue sponge"" but I WOULD call the yellow jacket, a yellow jacket.","graduated_college",1552497451910,2,"male","white_swan","English","white swan",FALSE,"swan",TRUE,"other",FALSE,NA,"Wed Mar 13 2019 13:12:52 GMT-0400 (Eastern Daylight Time)",1552497172888,4.65036666666667,4,"639554471433725"
1,39,"Jennifer","The first one threw me for a loop and I had to re-read the short instruction at the top.  From there I was kind of nervous until the white carrot.  From there it was interesting the way that certain items felt more natural to call by certain more specific names.  I wouldn't call the sponge a ""blue sponge"" but I WOULD call the yellow jacket, a yellow jacket.","graduated_college",1552497451910,2,"male","white_carrot","English","white carrot",TRUE,"carrot",FALSE,"other",FALSE,NA,"Wed Mar 13 2019 13:12:52 GMT-0400 (Eastern Daylight Time)",1552497172888,4.65036666666667,5,"639554471433725"
1,39,"Jennifer","The first one threw me for a loop and I had to re-read the short instruction at the top.  From there I was kind of nervous until the white carrot.  From there it was interesting the way that certain items felt more natural to call by certain more specific names.  I wouldn't call the sponge a ""blue sponge"" but I WOULD call the yellow jacket, a yellow jacket.","graduated_college",1552497451910,2,"male","orange_carrot","English","carrot",TRUE,"orange carrot",FALSE,"other",FALSE,NA,"Wed Mar 13 2019 13:12:52 GMT-0400 (Eastern Daylight Time)",1552497172888,4.65036666666667,6,"639554471433725"
1,39,"Jennifer","The first one threw me for a loop and I had to re-read the short instruction at the top.  From there I was kind of nervous until the white carrot.  From there it was interesting the way that certain items felt more natural to call by certain more specific names.  I wouldn't call the sponge a ""blue sponge"" but I WOULD call the yellow jacket, a yellow jacket.","graduated_college",1552497451910,2,"male","green_scissors","English","scissors",FALSE,"green scissors",TRUE,"other",FALSE,NA,"Wed Mar 13 2019 13:12:52 GMT-0400 (Eastern Daylight Time)",1552497172888,4.65036666666667,7,"639554471433725"
1,39,"Jennifer","The first one threw me for a loop and I had to re-read the short instruction at the top.  From there I was kind of nervous until the white carrot.  From there it was interesting the way that certain items felt more natural to call by certain more specific names.  I wouldn't call the sponge a ""blue sponge"" but I WOULD call the yellow jacket, a yellow jacket.","graduated_college",1552497451910,2,"male","orange_mug","English","mug",FALSE,"orange mug",TRUE,"other",FALSE,NA,"Wed Mar 13 2019 13:12:52 GMT-0400 (Eastern Daylight Time)",1552497172888,4.65036666666667,8,"639554471433725"
1,39,"Jennifer","The first one threw me for a loop and I had to re-read the short instruction at the top.  From there I was kind of nervous until the white carrot.  From there it was interesting the way that certain items felt more natural to call by certain more specific names.  I wouldn't call the sponge a ""blue sponge"" but I WOULD call the yellow jacket, a yellow jacket.","graduated_college",1552497451910,2,"male","orange_banana","English","orange banana",TRUE,"banana",FALSE,"other",FALSE,NA,"Wed Mar 13 2019 13:12:52 GMT-0400 (Eastern Daylight Time)",1552497172888,4.65036666666667,9,"639554471433725"
1,39,"Jennifer","The first one threw me for a loop and I had to re-read the short instruction at the top.  From there I was kind of nervous until the white carrot.  From there it was interesting the way that certain items felt more natural to call by certain more specific names.  I wouldn't call the sponge a ""blue sponge"" but I WOULD call the yellow jacket, a yellow jacket.","graduated_college",1552497451910,2,"male","yellow_jacket","English","yellow jacket",TRUE,"jacket",FALSE,"other",FALSE,NA,"Wed Mar 13 2019 13:12:52 GMT-0400 (Eastern Daylight Time)",1552497172888,4.65036666666667,10,"639554471433725"
1,39,"Jennifer","The first one threw me for a loop and I had to re-read the short instruction at the top.  From there I was kind of nervous until the white carrot.  From there it was interesting the way that certain items felt more natural to call by certain more specific names.  I wouldn't call the sponge a ""blue sponge"" but I WOULD call the yellow jacket, a yellow jacket.","graduated_college",1552497451910,2,"male","red_broccoli","English","red broccoli",TRUE,"broccoli",FALSE,"other",FALSE,NA,"Wed Mar 13 2019 13:12:52 GMT-0400 (Eastern Daylight Time)",1552497172888,4.65036666666667,11,"639554471433725"
1,39,"Jennifer","The first one threw me for a loop and I had to re-read the short instruction at the top.  From there I was kind of nervous until the white carrot.  From there it was interesting the way that certain items felt more natural to call by certain more specific names.  I wouldn't call the sponge a ""blue sponge"" but I WOULD call the yellow jacket, a yellow jacket.","graduated_college",1552497451910,2,"male","blue_sponge","English","sponge",TRUE,"blue sponge",FALSE,"other",FALSE,NA,"Wed Mar 13 2019 13:12:52 GMT-0400 (Eastern Daylight Time)",1552497172888,4.65036666666667,12,"639554471433725"
1,39,"Jennifer","The first one threw me for a loop and I had to re-read the short instruction at the top.  From there I was kind of nervous until the white carrot.  From there it was interesting the way that certain items felt more natural to call by certain more specific names.  I wouldn't call the sponge a ""blue sponge"" but I WOULD call the yellow jacket, a yellow jacket.","graduated_college",1552497451910,2,"male","red_bellpepper","English","bell pepper",TRUE,"red bell pepper",FALSE,"other",FALSE,NA,"Wed Mar 13 2019 13:12:52 GMT-0400 (Eastern Daylight Time)",1552497172888,4.65036666666667,13,"639554471433725"
1,39,"Jennifer","The first one threw me for a loop and I had to re-read the short instruction at the top.  From there I was kind of nervous until the white carrot.  From there it was interesting the way that certain items felt more natural to call by certain more specific names.  I wouldn't call the sponge a ""blue sponge"" but I WOULD call the yellow jacket, a yellow jacket.","graduated_college",1552497451910,2,"male","yellow_banana","English","banana",TRUE,"yellow banana",FALSE,"other",FALSE,NA,"Wed Mar 13 2019 13:12:52 GMT-0400 (Eastern Daylight Time)",1552497172888,4.65036666666667,14,"639554471433725"
1,39,"Jennifer","The first one threw me for a loop and I had to re-read the short instruction at the top.  From there I was kind of nervous until the white carrot.  From there it was interesting the way that certain items felt more natural to call by certain more specific names.  I wouldn't call the sponge a ""blue sponge"" but I WOULD call the yellow jacket, a yellow jacket.","graduated_college",1552497451910,2,"male","green_swan","English","swan",FALSE,"green swan",TRUE,"other",FALSE,NA,"Wed Mar 13 2019 13:12:52 GMT-0400 (Eastern Daylight Time)",1552497172888,4.65036666666667,15,"639554471433725"
1,39,"Jennifer","The first one threw me for a loop and I had to re-read the short instruction at the top.  From there I was kind of nervous until the white carrot.  From there it was interesting the way that certain items felt more natural to call by certain more specific names.  I wouldn't call the sponge a ""blue sponge"" but I WOULD call the yellow jacket, a yellow jacket.","graduated_college",1552497451910,2,"male","orange_butterfly","English","butterfly",TRUE,"orange butterfly",FALSE,"other",FALSE,NA,"Wed Mar 13 2019 13:12:52 GMT-0400 (Eastern Daylight Time)",1552497172888,4.65036666666667,16,"639554471433725"
1,30,"Mary",NA,"graduated_college",1552497069948,2,"female","white_carrot","English","white carrot",TRUE,"carrot",FALSE,"other",FALSE,NA,"Wed Mar 13 2019 10:09:31 GMT-0700 (Pacific Daylight Time)",1552496971995,1.63255,1,"539936001909078"
1,30,"Mary",NA,"graduated_college",1552497069948,2,"female","orange_butterfly","English","butterfly",TRUE,"orange butterfly",FALSE,"other",FALSE,NA,"Wed Mar 13 2019 10:09:31 GMT-0700 (Pacific Daylight Time)",1552496971995,1.63255,2,"539936001909078"
1,30,"Mary",NA,"graduated_college",1552497069948,2,"female","orange_banana","English","orange banana",TRUE,"banana",FALSE,"other",FALSE,NA,"Wed Mar 13 2019 10:09:31 GMT-0700 (Pacific Daylight Time)",1552496971995,1.63255,3,"539936001909078"
1,30,"Mary",NA,"graduated_college",1552497069948,2,"female","white_swan","English","white swan",FALSE,"swan",TRUE,"other",FALSE,NA,"Wed Mar 13 2019 10:09:31 GMT-0700 (Pacific Daylight Time)",1552496971995,1.63255,4,"539936001909078"
1,30,"Mary",NA,"graduated_college",1552497069948,2,"female","green_swan","English","green swan",TRUE,"swan",FALSE,"other",FALSE,NA,"Wed Mar 13 2019 10:09:31 GMT-0700 (Pacific Daylight Time)",1552496971995,1.63255,5,"539936001909078"
1,30,"Mary",NA,"graduated_college",1552497069948,2,"female","green_broccoli","English","broccoli",TRUE,"green broccoli",FALSE,"other",FALSE,NA,"Wed Mar 13 2019 10:09:31 GMT-0700 (Pacific Daylight Time)",1552496971995,1.63255,6,"539936001909078"
1,30,"Mary",NA,"graduated_college",1552497069948,2,"female","orange_mug","English","orange mug",FALSE,"mug",TRUE,"other",FALSE,NA,"Wed Mar 13 2019 10:09:31 GMT-0700 (Pacific Daylight Time)",1552496971995,1.63255,7,"539936001909078"
1,30,"Mary",NA,"graduated_college",1552497069948,2,"female","blue_sponge","English","blue sponge",FALSE,"sponge",TRUE,"other",FALSE,NA,"Wed Mar 13 2019 10:09:31 GMT-0700 (Pacific Daylight Time)",1552496971995,1.63255,8,"539936001909078"
1,30,"Mary",NA,"graduated_college",1552497069948,2,"female","orange_carrot","English","orange carrot",FALSE,"carrot",TRUE,"other",FALSE,NA,"Wed Mar 13 2019 10:09:31 GMT-0700 (Pacific Daylight Time)",1552496971995,1.63255,9,"539936001909078"
1,30,"Mary",NA,"graduated_college",1552497069948,2,"female","yellow_banana","English","yellow banana",FALSE,"banana",TRUE,"other",FALSE,NA,"Wed Mar 13 2019 10:09:31 GMT-0700 (Pacific Daylight Time)",1552496971995,1.63255,10,"539936001909078"
1,30,"Mary",NA,"graduated_college",1552497069948,2,"female","black_feather","English","black feather",FALSE,"feather",TRUE,"other",FALSE,NA,"Wed Mar 13 2019 10:09:31 GMT-0700 (Pacific Daylight Time)",1552496971995,1.63255,11,"539936001909078"
1,30,"Mary",NA,"graduated_college",1552497069948,2,"female","green_scissors","English","green scissors",FALSE,"scissors",TRUE,"other",FALSE,NA,"Wed Mar 13 2019 10:09:31 GMT-0700 (Pacific Daylight Time)",1552496971995,1.63255,12,"539936001909078"
1,30,"Mary",NA,"graduated_college",1552497069948,2,"female","red_broccoli","English","broccoli",FALSE,"red broccoli",TRUE,"other",FALSE,NA,"Wed Mar 13 2019 10:09:31 GMT-0700 (Pacific Daylight Time)",1552496971995,1.63255,13,"539936001909078"
1,30,"Mary",NA,"graduated_college",1552497069948,2,"female","red_bellpepper","English","red bell pepper",FALSE,"bell pepper",TRUE,"other",FALSE,NA,"Wed Mar 13 2019 10:09:31 GMT-0700 (Pacific Daylight Time)",1552496971995,1.63255,14,"539936001909078"
1,30,"Mary",NA,"graduated_college",1552497069948,2,"female","red_book","English","book",TRUE,"red book",FALSE,"other",FALSE,NA,"Wed Mar 13 2019 10:09:31 GMT-0700 (Pacific Daylight Time)",1552496971995,1.63255,15,"539936001909078"
1,30,"Mary",NA,"graduated_college",1552497069948,2,"female","yellow_jacket","English","jacket",TRUE,"yellow jacket",FALSE,"other",FALSE,NA,"Wed Mar 13 2019 10:09:31 GMT-0700 (Pacific Daylight Time)",1552496971995,1.63255,16,"539936001909078"
1,1988,"Susan","none","graduated_college",1552496788551,1,"male","red_book","English","red book",FALSE,"book",TRUE,"other",FALSE,NA,"Wed Mar 13 2019 13:04:35 GMT-0400 (Eastern Daylight Time)",1552496675913,1.8773,1,"741458712882649"
1,1988,"Susan","none","graduated_college",1552496788551,1,"male","orange_mug","English","orange mug",TRUE,"mug",FALSE,"other",FALSE,NA,"Wed Mar 13 2019 13:04:35 GMT-0400 (Eastern Daylight Time)",1552496675913,1.8773,2,"741458712882649"
1,1988,"Susan","none","graduated_college",1552496788551,1,"male","green_swan","English","swan",TRUE,"green swan",FALSE,"other",FALSE,NA,"Wed Mar 13 2019 13:04:35 GMT-0400 (Eastern Daylight Time)",1552496675913,1.8773,3,"741458712882649"
1,1988,"Susan","none","graduated_college",1552496788551,1,"male","white_carrot","English","white carrot",TRUE,"carrot",FALSE,"other",FALSE,NA,"Wed Mar 13 2019 13:04:35 GMT-0400 (Eastern Daylight Time)",1552496675913,1.8773,4,"741458712882649"
1,1988,"Susan","none","graduated_college",1552496788551,1,"male","orange_banana","English","banana",TRUE,"orange banana",FALSE,"other",FALSE,NA,"Wed Mar 13 2019 13:04:35 GMT-0400 (Eastern Daylight Time)",1552496675913,1.8773,5,"741458712882649"
1,1988,"Susan","none","graduated_college",1552496788551,1,"male","red_broccoli","English","broccoli",TRUE,"red broccoli",FALSE,"other",FALSE,NA,"Wed Mar 13 2019 13:04:35 GMT-0400 (Eastern Daylight Time)",1552496675913,1.8773,6,"741458712882649"
1,1988,"Susan","none","graduated_college",1552496788551,1,"male","green_scissors","English","scissors",TRUE,"green scissors",FALSE,"other",FALSE,NA,"Wed Mar 13 2019 13:04:35 GMT-0400 (Eastern Daylight Time)",1552496675913,1.8773,7,"741458712882649"
1,1988,"Susan","none","graduated_college",1552496788551,1,"male","white_swan","English","swan",TRUE,"white swan",FALSE,"other",FALSE,NA,"Wed Mar 13 2019 13:04:35 GMT-0400 (Eastern Daylight Time)",1552496675913,1.8773,8,"741458712882649"
1,1988,"Susan","none","graduated_college",1552496788551,1,"male","red_bellpepper","English","red bell pepper",TRUE,"bell pepper",FALSE,"other",FALSE,NA,"Wed Mar 13 2019 13:04:35 GMT-0400 (Eastern Daylight Time)",1552496675913,1.8773,9,"741458712882649"
1,1988,"Susan","none","graduated_college",1552496788551,1,"male","blue_sponge","English","sponge",TRUE,"blue sponge",FALSE,"other",FALSE,NA,"Wed Mar 13 2019 13:04:35 GMT-0400 (Eastern Daylight Time)",1552496675913,1.8773,10,"741458712882649"
1,1988,"Susan","none","graduated_college",1552496788551,1,"male","green_broccoli","English","broccoli",TRUE,"green broccoli",FALSE,"other",FALSE,NA,"Wed Mar 13 2019 13:04:35 GMT-0400 (Eastern Daylight Time)",1552496675913,1.8773,11,"741458712882649"
1,1988,"Susan","none","graduated_college",1552496788551,1,"male","orange_butterfly","English","orange butterfly",FALSE,"butterfly",TRUE,"other",FALSE,NA,"Wed Mar 13 2019 13:04:35 GMT-0400 (Eastern Daylight Time)",1552496675913,1.8773,12,"741458712882649"
1,1988,"Susan","none","graduated_college",1552496788551,1,"male","yellow_jacket","English","yellow jacket",FALSE,"jacket",TRUE,"other",FALSE,NA,"Wed Mar 13 2019 13:04:35 GMT-0400 (Eastern Daylight Time)",1552496675913,1.8773,13,"741458712882649"
1,1988,"Susan","none","graduated_college",1552496788551,1,"male","black_feather","English","black feather",FALSE,"feather",TRUE,"other",FALSE,NA,"Wed Mar 13 2019 13:04:35 GMT-0400 (Eastern Daylight Time)",1552496675913,1.8773,14,"741458712882649"
1,1988,"Susan","none","graduated_college",1552496788551,1,"male","yellow_banana","English","banana",TRUE,"yellow banana",FALSE,"other",FALSE,NA,"Wed Mar 13 2019 13:04:35 GMT-0400 (Eastern Daylight Time)",1552496675913,1.8773,15,"741458712882649"
1,1988,"Susan","none","graduated_college",1552496788551,1,"male","orange_carrot","English","carrot",TRUE,"orange carrot",FALSE,"other",FALSE,NA,"Wed Mar 13 2019 13:04:35 GMT-0400 (Eastern Daylight Time)",1552496675913,1.8773,16,"741458712882649"
1,58,"Elizabeth",NA,"higher_degree",1552496345674,1,"female","white_swan","English","swan",TRUE,"white swan",FALSE,"other",FALSE,NA,"Wed Mar 13 2019 11:56:29 GMT-0500 (Central Daylight Time)",1552496189939,2.59558333333333,1,"285456303301270"
1,58,"Elizabeth",NA,"higher_degree",1552496345674,1,"female","green_broccoli","English","green broccoli",FALSE,"broccoli",TRUE,"other",FALSE,NA,"Wed Mar 13 2019 11:56:29 GMT-0500 (Central Daylight Time)",1552496189939,2.59558333333333,2,"285456303301270"
1,58,"Elizabeth",NA,"higher_degree",1552496345674,1,"female","green_scissors","English","scissors",TRUE,"green scissors",FALSE,"other",FALSE,NA,"Wed Mar 13 2019 11:56:29 GMT-0500 (Central Daylight Time)",1552496189939,2.59558333333333,3,"285456303301270"
1,58,"Elizabeth",NA,"higher_degree",1552496345674,1,"female","yellow_jacket","English","yellow jacket",TRUE,"jacket",FALSE,"other",FALSE,NA,"Wed Mar 13 2019 11:56:29 GMT-0500 (Central Daylight Time)",1552496189939,2.59558333333333,4,"285456303301270"
1,58,"Elizabeth",NA,"higher_degree",1552496345674,1,"female","blue_sponge","English","blue sponge",FALSE,"sponge",TRUE,"other",FALSE,NA,"Wed Mar 13 2019 11:56:29 GMT-0500 (Central Daylight Time)",1552496189939,2.59558333333333,5,"285456303301270"
1,58,"Elizabeth",NA,"higher_degree",1552496345674,1,"female","black_feather","English","black feather",FALSE,"feather",TRUE,"other",FALSE,NA,"Wed Mar 13 2019 11:56:29 GMT-0500 (Central Daylight Time)",1552496189939,2.59558333333333,6,"285456303301270"
1,58,"Elizabeth",NA,"higher_degree",1552496345674,1,"female","green_swan","English","green swan",TRUE,"swan",FALSE,"other",FALSE,NA,"Wed Mar 13 2019 11:56:29 GMT-0500 (Central Daylight Time)",1552496189939,2.59558333333333,7,"285456303301270"
1,58,"Elizabeth",NA,"higher_degree",1552496345674,1,"female","orange_butterfly","English","orange butterfly",FALSE,"butterfly",TRUE,"other",FALSE,NA,"Wed Mar 13 2019 11:56:29 GMT-0500 (Central Daylight Time)",1552496189939,2.59558333333333,8,"285456303301270"
1,58,"Elizabeth",NA,"higher_degree",1552496345674,1,"female","red_book","English","red book",FALSE,"book",TRUE,"other",FALSE,NA,"Wed Mar 13 2019 11:56:29 GMT-0500 (Central Daylight Time)",1552496189939,2.59558333333333,9,"285456303301270"
1,58,"Elizabeth",NA,"higher_degree",1552496345674,1,"female","yellow_banana","English","yellow banana",FALSE,"banana",TRUE,"other",FALSE,NA,"Wed Mar 13 2019 11:56:29 GMT-0500 (Central Daylight Time)",1552496189939,2.59558333333333,10,"285456303301270"
1,58,"Elizabeth",NA,"higher_degree",1552496345674,1,"female","orange_mug","English","orange mug",FALSE,"mug",TRUE,"other",FALSE,NA,"Wed Mar 13 2019 11:56:29 GMT-0500 (Central Daylight Time)",1552496189939,2.59558333333333,11,"285456303301270"
1,58,"Elizabeth",NA,"higher_degree",1552496345674,1,"female","orange_carrot","English","orange carrot",FALSE,"carrot",TRUE,"other",FALSE,NA,"Wed Mar 13 2019 11:56:29 GMT-0500 (Central Daylight Time)",1552496189939,2.59558333333333,12,"285456303301270"
1,58,"Elizabeth",NA,"higher_degree",1552496345674,1,"female","orange_banana","English","banana",FALSE,"orange banana",TRUE,"other",FALSE,NA,"Wed Mar 13 2019 11:56:29 GMT-0500 (Central Daylight Time)",1552496189939,2.59558333333333,13,"285456303301270"
1,58,"Elizabeth",NA,"higher_degree",1552496345674,1,"female","red_broccoli","English","broccoli",FALSE,"red broccoli",TRUE,"other",FALSE,NA,"Wed Mar 13 2019 11:56:29 GMT-0500 (Central Daylight Time)",1552496189939,2.59558333333333,14,"285456303301270"
1,58,"Elizabeth",NA,"higher_degree",1552496345674,1,"female","red_bellpepper","English","red bell pepper",TRUE,"bell pepper",FALSE,"other",FALSE,NA,"Wed Mar 13 2019 11:56:29 GMT-0500 (Central Daylight Time)",1552496189939,2.59558333333333,15,"285456303301270"
1,58,"Elizabeth",NA,"higher_degree",1552496345674,1,"female","white_carrot","English","carrot",FALSE,"white carrot",TRUE,"other",FALSE,NA,"Wed Mar 13 2019 11:56:29 GMT-0500 (Central Daylight Time)",1552496189939,2.59558333333333,16,"285456303301270"
1,30,"Jessica",NA,"some_college",1552495929798,2,"male","white_carrot","English","white carrot",FALSE,"carrot",TRUE,"other",FALSE,NA,"Wed Mar 13 2019 11:51:09 GMT-0500 (Central Daylight Time)",1552495869220,1.00963333333333,1,"257685146436232"
1,30,"Jessica",NA,"some_college",1552495929798,2,"male","red_bellpepper","English","red bell pepper",TRUE,"bell pepper",FALSE,"other",FALSE,NA,"Wed Mar 13 2019 11:51:09 GMT-0500 (Central Daylight Time)",1552495869220,1.00963333333333,2,"257685146436232"
1,30,"Jessica",NA,"some_college",1552495929798,2,"male","green_scissors","English","scissors",TRUE,"green scissors",FALSE,"other",FALSE,NA,"Wed Mar 13 2019 11:51:09 GMT-0500 (Central Daylight Time)",1552495869220,1.00963333333333,3,"257685146436232"
1,30,"Jessica",NA,"some_college",1552495929798,2,"male","green_swan","English","green swan",TRUE,"swan",FALSE,"other",FALSE,NA,"Wed Mar 13 2019 11:51:09 GMT-0500 (Central Daylight Time)",1552495869220,1.00963333333333,4,"257685146436232"
1,30,"Jessica",NA,"some_college",1552495929798,2,"male","black_feather","English","feather",TRUE,"black feather",FALSE,"other",FALSE,NA,"Wed Mar 13 2019 11:51:09 GMT-0500 (Central Daylight Time)",1552495869220,1.00963333333333,5,"257685146436232"
1,30,"Jessica",NA,"some_college",1552495929798,2,"male","yellow_jacket","English","yellow jacket",TRUE,"jacket",FALSE,"other",FALSE,NA,"Wed Mar 13 2019 11:51:09 GMT-0500 (Central Daylight Time)",1552495869220,1.00963333333333,6,"257685146436232"
1,30,"Jessica",NA,"some_college",1552495929798,2,"male","white_swan","English","swan",TRUE,"white swan",FALSE,"other",FALSE,NA,"Wed Mar 13 2019 11:51:09 GMT-0500 (Central Daylight Time)",1552495869220,1.00963333333333,7,"257685146436232"
1,30,"Jessica",NA,"some_college",1552495929798,2,"male","yellow_banana","English","yellow banana",FALSE,"banana",TRUE,"other",FALSE,NA,"Wed Mar 13 2019 11:51:09 GMT-0500 (Central Daylight Time)",1552495869220,1.00963333333333,8,"257685146436232"
1,30,"Jessica",NA,"some_college",1552495929798,2,"male","orange_banana","English","banana",FALSE,"orange banana",TRUE,"other",FALSE,NA,"Wed Mar 13 2019 11:51:09 GMT-0500 (Central Daylight Time)",1552495869220,1.00963333333333,9,"257685146436232"
1,30,"Jessica",NA,"some_college",1552495929798,2,"male","blue_sponge","English","sponge",TRUE,"blue sponge",FALSE,"other",FALSE,NA,"Wed Mar 13 2019 11:51:09 GMT-0500 (Central Daylight Time)",1552495869220,1.00963333333333,10,"257685146436232"
1,30,"Jessica",NA,"some_college",1552495929798,2,"male","orange_butterfly","English","butterfly",TRUE,"orange butterfly",FALSE,"other",FALSE,NA,"Wed Mar 13 2019 11:51:09 GMT-0500 (Central Daylight Time)",1552495869220,1.00963333333333,11,"257685146436232"
1,30,"Jessica",NA,"some_college",1552495929798,2,"male","green_broccoli","English","green broccoli",FALSE,"broccoli",TRUE,"other",FALSE,NA,"Wed Mar 13 2019 11:51:09 GMT-0500 (Central Daylight Time)",1552495869220,1.00963333333333,12,"257685146436232"
1,30,"Jessica",NA,"some_college",1552495929798,2,"male","red_broccoli","English","broccoli",FALSE,"red broccoli",TRUE,"other",FALSE,NA,"Wed Mar 13 2019 11:51:09 GMT-0500 (Central Daylight Time)",1552495869220,1.00963333333333,13,"257685146436232"
1,30,"Jessica",NA,"some_college",1552495929798,2,"male","red_book","English","book",TRUE,"red book",FALSE,"other",FALSE,NA,"Wed Mar 13 2019 11:51:09 GMT-0500 (Central Daylight Time)",1552495869220,1.00963333333333,14,"257685146436232"
1,30,"Jessica",NA,"some_college",1552495929798,2,"male","orange_carrot","English","orange carrot",FALSE,"carrot",TRUE,"other",FALSE,NA,"Wed Mar 13 2019 11:51:09 GMT-0500 (Central Daylight Time)",1552495869220,1.00963333333333,15,"257685146436232"
1,30,"Jessica",NA,"some_college",1552495929798,2,"male","orange_mug","English","orange mug",FALSE,"mug",TRUE,"other",FALSE,NA,"Wed Mar 13 2019 11:51:09 GMT-0500 (Central Daylight Time)",1552495869220,1.00963333333333,16,"257685146436232"
1,32,"Jennifer","Thanks, enjoyable.","graduated_college",1552495290307,2,"male","black_feather",NA,"black feather",FALSE,"feather",TRUE,"other",FALSE,NA,"Wed Mar 13 2019 12:39:21 GMT-0400 (Eastern Daylight Time)",1552495161298,2.15015,1,"786762648562475"
1,32,"Jennifer","Thanks, enjoyable.","graduated_college",1552495290307,2,"male","yellow_jacket",NA,"yellow jacket",FALSE,"jacket",TRUE,"other",FALSE,NA,"Wed Mar 13 2019 12:39:21 GMT-0400 (Eastern Daylight Time)",1552495161298,2.15015,2,"786762648562475"
1,32,"Jennifer","Thanks, enjoyable.","graduated_college",1552495290307,2,"male","white_carrot",NA,"white carrot",TRUE,"carrot",FALSE,"other",FALSE,NA,"Wed Mar 13 2019 12:39:21 GMT-0400 (Eastern Daylight Time)",1552495161298,2.15015,3,"786762648562475"
1,32,"Jennifer","Thanks, enjoyable.","graduated_college",1552495290307,2,"male","green_swan",NA,"green swan",TRUE,"swan",FALSE,"other",FALSE,NA,"Wed Mar 13 2019 12:39:21 GMT-0400 (Eastern Daylight Time)",1552495161298,2.15015,4,"786762648562475"
1,32,"Jennifer","Thanks, enjoyable.","graduated_college",1552495290307,2,"male","white_swan",NA,"swan",TRUE,"white swan",FALSE,"other",FALSE,NA,"Wed Mar 13 2019 12:39:21 GMT-0400 (Eastern Daylight Time)",1552495161298,2.15015,5,"786762648562475"
1,32,"Jennifer","Thanks, enjoyable.","graduated_college",1552495290307,2,"male","red_bellpepper",NA,"bell pepper",FALSE,"red bell pepper",TRUE,"other",FALSE,NA,"Wed Mar 13 2019 12:39:21 GMT-0400 (Eastern Daylight Time)",1552495161298,2.15015,6,"786762648562475"
1,32,"Jennifer","Thanks, enjoyable.","graduated_college",1552495290307,2,"male","orange_butterfly",NA,"orange butterfly",FALSE,"butterfly",TRUE,"other",FALSE,NA,"Wed Mar 13 2019 12:39:21 GMT-0400 (Eastern Daylight Time)",1552495161298,2.15015,7,"786762648562475"
1,32,"Jennifer","Thanks, enjoyable.","graduated_college",1552495290307,2,"male","orange_mug",NA,"orange mug",TRUE,"mug",FALSE,"other",FALSE,NA,"Wed Mar 13 2019 12:39:21 GMT-0400 (Eastern Daylight Time)",1552495161298,2.15015,8,"786762648562475"
1,32,"Jennifer","Thanks, enjoyable.","graduated_college",1552495290307,2,"male","orange_carrot",NA,"orange carrot",FALSE,"carrot",TRUE,"other",FALSE,NA,"Wed Mar 13 2019 12:39:21 GMT-0400 (Eastern Daylight Time)",1552495161298,2.15015,9,"786762648562475"
1,32,"Jennifer","Thanks, enjoyable.","graduated_college",1552495290307,2,"male","yellow_banana",NA,"banana",TRUE,"yellow banana",FALSE,"other",FALSE,NA,"Wed Mar 13 2019 12:39:21 GMT-0400 (Eastern Daylight Time)",1552495161298,2.15015,10,"786762648562475"
1,32,"Jennifer","Thanks, enjoyable.","graduated_college",1552495290307,2,"male","orange_banana",NA,"banana",FALSE,"orange banana",TRUE,"other",FALSE,NA,"Wed Mar 13 2019 12:39:21 GMT-0400 (Eastern Daylight Time)",1552495161298,2.15015,11,"786762648562475"
1,32,"Jennifer","Thanks, enjoyable.","graduated_college",1552495290307,2,"male","green_broccoli",NA,"broccoli",TRUE,"green broccoli",FALSE,"other",FALSE,NA,"Wed Mar 13 2019 12:39:21 GMT-0400 (Eastern Daylight Time)",1552495161298,2.15015,12,"786762648562475"
1,32,"Jennifer","Thanks, enjoyable.","graduated_college",1552495290307,2,"male","green_scissors",NA,"scissors",TRUE,"green scissors",FALSE,"other",FALSE,NA,"Wed Mar 13 2019 12:39:21 GMT-0400 (Eastern Daylight Time)",1552495161298,2.15015,13,"786762648562475"
1,32,"Jennifer","Thanks, enjoyable.","graduated_college",1552495290307,2,"male","red_broccoli",NA,"red broccoli",TRUE,"broccoli",FALSE,"other",FALSE,NA,"Wed Mar 13 2019 12:39:21 GMT-0400 (Eastern Daylight Time)",1552495161298,2.15015,14,"786762648562475"
1,32,"Jennifer","Thanks, enjoyable.","graduated_college",1552495290307,2,"male","red_book",NA,"book",TRUE,"red book",FALSE,"other",FALSE,NA,"Wed Mar 13 2019 12:39:21 GMT-0400 (Eastern Daylight Time)",1552495161298,2.15015,15,"786762648562475"
1,32,"Jennifer","Thanks, enjoyable.","graduated_college",1552495290307,2,"male","blue_sponge",NA,"blue sponge",FALSE,"sponge",TRUE,"other",FALSE,NA,"Wed Mar 13 2019 12:39:21 GMT-0400 (Eastern Daylight Time)",1552495161298,2.15015,16,"786762648562475"
1,34,"Jennifer","Thanks!","graduated_college",1552494010928,2,"male","white_swan","English","white swan",FALSE,"swan",TRUE,"other",FALSE,NA,"Wed Mar 13 2019 09:19:09 GMT-0700 (Pacific Daylight Time)",1552493949125,1.03005,1,"948734298981489"
1,34,"Jennifer","Thanks!","graduated_college",1552494010928,2,"male","green_scissors","English","green scissors",TRUE,"scissors",FALSE,"other",FALSE,NA,"Wed Mar 13 2019 09:19:09 GMT-0700 (Pacific Daylight Time)",1552493949125,1.03005,2,"948734298981489"
1,34,"Jennifer","Thanks!","graduated_college",1552494010928,2,"male","white_carrot","English","white carrot",TRUE,"carrot",FALSE,"other",FALSE,NA,"Wed Mar 13 2019 09:19:09 GMT-0700 (Pacific Daylight Time)",1552493949125,1.03005,3,"948734298981489"
1,34,"Jennifer","Thanks!","graduated_college",1552494010928,2,"male","orange_carrot","English","orange carrot",FALSE,"carrot",TRUE,"other",FALSE,NA,"Wed Mar 13 2019 09:19:09 GMT-0700 (Pacific Daylight Time)",1552493949125,1.03005,4,"948734298981489"
1,34,"Jennifer","Thanks!","graduated_college",1552494010928,2,"male","blue_sponge","English","blue sponge",FALSE,"sponge",TRUE,"other",FALSE,NA,"Wed Mar 13 2019 09:19:09 GMT-0700 (Pacific Daylight Time)",1552493949125,1.03005,5,"948734298981489"
1,34,"Jennifer","Thanks!","graduated_college",1552494010928,2,"male","green_broccoli","English","green broccoli",FALSE,"broccoli",TRUE,"other",FALSE,NA,"Wed Mar 13 2019 09:19:09 GMT-0700 (Pacific Daylight Time)",1552493949125,1.03005,6,"948734298981489"
1,34,"Jennifer","Thanks!","graduated_college",1552494010928,2,"male","red_bellpepper","English","bell pepper",FALSE,"red bell pepper",TRUE,"other",FALSE,NA,"Wed Mar 13 2019 09:19:09 GMT-0700 (Pacific Daylight Time)",1552493949125,1.03005,7,"948734298981489"
1,34,"Jennifer","Thanks!","graduated_college",1552494010928,2,"male","green_swan","English","swan",FALSE,"green swan",TRUE,"other",FALSE,NA,"Wed Mar 13 2019 09:19:09 GMT-0700 (Pacific Daylight Time)",1552493949125,1.03005,8,"948734298981489"
1,34,"Jennifer","Thanks!","graduated_college",1552494010928,2,"male","yellow_banana","English","yellow banana",FALSE,"banana",TRUE,"other",FALSE,NA,"Wed Mar 13 2019 09:19:09 GMT-0700 (Pacific Daylight Time)",1552493949125,1.03005,9,"948734298981489"
1,34,"Jennifer","Thanks!","graduated_college",1552494010928,2,"male","orange_banana","English","orange banana",TRUE,"banana",FALSE,"other",FALSE,NA,"Wed Mar 13 2019 09:19:09 GMT-0700 (Pacific Daylight Time)",1552493949125,1.03005,10,"948734298981489"
1,34,"Jennifer","Thanks!","graduated_college",1552494010928,2,"male","orange_mug","English","mug",FALSE,"orange mug",TRUE,"other",FALSE,NA,"Wed Mar 13 2019 09:19:09 GMT-0700 (Pacific Daylight Time)",1552493949125,1.03005,11,"948734298981489"
1,34,"Jennifer","Thanks!","graduated_college",1552494010928,2,"male","red_broccoli","English","broccoli",FALSE,"red broccoli",TRUE,"other",FALSE,NA,"Wed Mar 13 2019 09:19:09 GMT-0700 (Pacific Daylight Time)",1552493949125,1.03005,12,"948734298981489"
1,34,"Jennifer","Thanks!","graduated_college",1552494010928,2,"male","orange_butterfly","English","butterfly",TRUE,"orange butterfly",FALSE,"other",FALSE,NA,"Wed Mar 13 2019 09:19:09 GMT-0700 (Pacific Daylight Time)",1552493949125,1.03005,13,"948734298981489"
1,34,"Jennifer","Thanks!","graduated_college",1552494010928,2,"male","black_feather","English","feather",TRUE,"black feather",FALSE,"other",FALSE,NA,"Wed Mar 13 2019 09:19:09 GMT-0700 (Pacific Daylight Time)",1552493949125,1.03005,14,"948734298981489"
1,34,"Jennifer","Thanks!","graduated_college",1552494010928,2,"male","red_book","English","red book",TRUE,"book",FALSE,"other",FALSE,NA,"Wed Mar 13 2019 09:19:09 GMT-0700 (Pacific Daylight Time)",1552493949125,1.03005,15,"948734298981489"
1,34,"Jennifer","Thanks!","graduated_college",1552494010928,2,"male","yellow_jacket","English","yellow jacket",TRUE,"jacket",FALSE,"other",FALSE,NA,"Wed Mar 13 2019 09:19:09 GMT-0700 (Pacific Daylight Time)",1552493949125,1.03005,16,"948734298981489"
1,25,"jessica","ty","some_college",1552493821165,1,"male","orange_mug","english","orange mug",TRUE,"mug",FALSE,"other",FALSE,NA,"Wed Mar 13 2019 11:14:52 GMT-0500 (Central Daylight Time)",1552493692915,2.1375,1,"264745453180809"
1,25,"jessica","ty","some_college",1552493821165,1,"male","yellow_banana","english","banana",TRUE,"yellow banana",FALSE,"other",FALSE,NA,"Wed Mar 13 2019 11:14:52 GMT-0500 (Central Daylight Time)",1552493692915,2.1375,2,"264745453180809"
1,25,"jessica","ty","some_college",1552493821165,1,"male","black_feather","english","black feather",FALSE,"feather",TRUE,"other",FALSE,NA,"Wed Mar 13 2019 11:14:52 GMT-0500 (Central Daylight Time)",1552493692915,2.1375,3,"264745453180809"
1,25,"jessica","ty","some_college",1552493821165,1,"male","white_carrot","english","white carrot",FALSE,"carrot",TRUE,"other",FALSE,NA,"Wed Mar 13 2019 11:14:52 GMT-0500 (Central Daylight Time)",1552493692915,2.1375,4,"264745453180809"
1,25,"jessica","ty","some_college",1552493821165,1,"male","green_broccoli","english","green broccoli",FALSE,"broccoli",TRUE,"other",FALSE,NA,"Wed Mar 13 2019 11:14:52 GMT-0500 (Central Daylight Time)",1552493692915,2.1375,5,"264745453180809"
1,25,"jessica","ty","some_college",1552493821165,1,"male","orange_carrot","english","orange carrot",FALSE,"carrot",TRUE,"other",FALSE,NA,"Wed Mar 13 2019 11:14:52 GMT-0500 (Central Daylight Time)",1552493692915,2.1375,6,"264745453180809"
1,25,"jessica","ty","some_college",1552493821165,1,"male","green_scissors","english","green scissors",FALSE,"scissors",TRUE,"other",FALSE,NA,"Wed Mar 13 2019 11:14:52 GMT-0500 (Central Daylight Time)",1552493692915,2.1375,7,"264745453180809"
1,25,"jessica","ty","some_college",1552493821165,1,"male","red_broccoli","english","red broccoli",FALSE,"broccoli",TRUE,"other",FALSE,NA,"Wed Mar 13 2019 11:14:52 GMT-0500 (Central Daylight Time)",1552493692915,2.1375,8,"264745453180809"
1,25,"jessica","ty","some_college",1552493821165,1,"male","green_swan","english","swan",TRUE,"green swan",FALSE,"other",FALSE,NA,"Wed Mar 13 2019 11:14:52 GMT-0500 (Central Daylight Time)",1552493692915,2.1375,9,"264745453180809"
1,25,"jessica","ty","some_college",1552493821165,1,"male","orange_banana","english","orange banana",FALSE,"banana",TRUE,"other",FALSE,NA,"Wed Mar 13 2019 11:14:52 GMT-0500 (Central Daylight Time)",1552493692915,2.1375,10,"264745453180809"
1,25,"jessica","ty","some_college",1552493821165,1,"male","orange_butterfly","english","orange butterfly",FALSE,"butterfly",TRUE,"other",FALSE,NA,"Wed Mar 13 2019 11:14:52 GMT-0500 (Central Daylight Time)",1552493692915,2.1375,11,"264745453180809"
1,25,"jessica","ty","some_college",1552493821165,1,"male","blue_sponge","english","sponge",TRUE,"blue sponge",FALSE,"other",FALSE,NA,"Wed Mar 13 2019 11:14:52 GMT-0500 (Central Daylight Time)",1552493692915,2.1375,12,"264745453180809"
1,25,"jessica","ty","some_college",1552493821165,1,"male","red_book","english","red book",FALSE,"book",TRUE,"other",FALSE,NA,"Wed Mar 13 2019 11:14:52 GMT-0500 (Central Daylight Time)",1552493692915,2.1375,13,"264745453180809"
1,25,"jessica","ty","some_college",1552493821165,1,"male","red_bellpepper","english","red bell pepper",FALSE,"bell pepper",TRUE,"other",FALSE,NA,"Wed Mar 13 2019 11:14:52 GMT-0500 (Central Daylight Time)",1552493692915,2.1375,14,"264745453180809"
1,25,"jessica","ty","some_college",1552493821165,1,"male","white_swan","english","white swan",FALSE,"swan",TRUE,"other",FALSE,NA,"Wed Mar 13 2019 11:14:52 GMT-0500 (Central Daylight Time)",1552493692915,2.1375,15,"264745453180809"
1,25,"jessica","ty","some_college",1552493821165,1,"male","yellow_jacket","english","jacket",FALSE,"yellow jacket",TRUE,"other",FALSE,NA,"Wed Mar 13 2019 11:14:52 GMT-0500 (Central Daylight Time)",1552493692915,2.1375,16,"264745453180809"
1,23,"Patricia",NA,"graduated_high_school",1552493774515,1,"male","orange_carrot","English","carrot",TRUE,"orange carrot",FALSE,"other",FALSE,NA,"Wed Mar 13 2019 12:14:34 GMT-0400 (Eastern Daylight Time)",1552493674198,1.67195,1,"437844854192919"
1,23,"Patricia",NA,"graduated_high_school",1552493774515,1,"male","green_broccoli","English","broccoli",TRUE,"green broccoli",FALSE,"other",FALSE,NA,"Wed Mar 13 2019 12:14:34 GMT-0400 (Eastern Daylight Time)",1552493674198,1.67195,2,"437844854192919"
1,23,"Patricia",NA,"graduated_high_school",1552493774515,1,"male","white_swan","English","swan",TRUE,"white swan",FALSE,"other",FALSE,NA,"Wed Mar 13 2019 12:14:34 GMT-0400 (Eastern Daylight Time)",1552493674198,1.67195,3,"437844854192919"
1,23,"Patricia",NA,"graduated_high_school",1552493774515,1,"male","yellow_banana","English","yellow banana",FALSE,"banana",TRUE,"other",FALSE,NA,"Wed Mar 13 2019 12:14:34 GMT-0400 (Eastern Daylight Time)",1552493674198,1.67195,4,"437844854192919"
1,23,"Patricia",NA,"graduated_high_school",1552493774515,1,"male","orange_butterfly","English","butterfly",TRUE,"orange butterfly",FALSE,"other",FALSE,NA,"Wed Mar 13 2019 12:14:34 GMT-0400 (Eastern Daylight Time)",1552493674198,1.67195,5,"437844854192919"
1,23,"Patricia",NA,"graduated_high_school",1552493774515,1,"male","yellow_jacket","English","yellow jacket",FALSE,"jacket",TRUE,"other",FALSE,NA,"Wed Mar 13 2019 12:14:34 GMT-0400 (Eastern Daylight Time)",1552493674198,1.67195,6,"437844854192919"
1,23,"Patricia",NA,"graduated_high_school",1552493774515,1,"male","orange_banana","English","banana",FALSE,"orange banana",TRUE,"other",FALSE,NA,"Wed Mar 13 2019 12:14:34 GMT-0400 (Eastern Daylight Time)",1552493674198,1.67195,7,"437844854192919"
1,23,"Patricia",NA,"graduated_high_school",1552493774515,1,"male","black_feather","English","black feather",FALSE,"feather",TRUE,"other",FALSE,NA,"Wed Mar 13 2019 12:14:34 GMT-0400 (Eastern Daylight Time)",1552493674198,1.67195,8,"437844854192919"
1,23,"Patricia",NA,"graduated_high_school",1552493774515,1,"male","red_book","English","red book",FALSE,"book",TRUE,"other",FALSE,NA,"Wed Mar 13 2019 12:14:34 GMT-0400 (Eastern Daylight Time)",1552493674198,1.67195,9,"437844854192919"
1,23,"Patricia",NA,"graduated_high_school",1552493774515,1,"male","blue_sponge","English","sponge",FALSE,"blue sponge",TRUE,"other",FALSE,NA,"Wed Mar 13 2019 12:14:34 GMT-0400 (Eastern Daylight Time)",1552493674198,1.67195,10,"437844854192919"
1,23,"Patricia",NA,"graduated_high_school",1552493774515,1,"male","green_scissors","English","scissors",TRUE,"green scissors",FALSE,"other",FALSE,NA,"Wed Mar 13 2019 12:14:34 GMT-0400 (Eastern Daylight Time)",1552493674198,1.67195,11,"437844854192919"
1,23,"Patricia",NA,"graduated_high_school",1552493774515,1,"male","white_carrot","English","white carrot",TRUE,"carrot",FALSE,"other",FALSE,NA,"Wed Mar 13 2019 12:14:34 GMT-0400 (Eastern Daylight Time)",1552493674198,1.67195,12,"437844854192919"
1,23,"Patricia",NA,"graduated_high_school",1552493774515,1,"male","orange_mug","English","mug",TRUE,"orange mug",FALSE,"other",FALSE,NA,"Wed Mar 13 2019 12:14:34 GMT-0400 (Eastern Daylight Time)",1552493674198,1.67195,13,"437844854192919"
1,23,"Patricia",NA,"graduated_high_school",1552493774515,1,"male","red_bellpepper","English","red bell pepper",TRUE,"bell pepper",FALSE,"other",FALSE,NA,"Wed Mar 13 2019 12:14:34 GMT-0400 (Eastern Daylight Time)",1552493674198,1.67195,14,"437844854192919"
1,23,"Patricia",NA,"graduated_high_school",1552493774515,1,"male","red_broccoli","English","red broccoli",TRUE,"broccoli",FALSE,"other",FALSE,NA,"Wed Mar 13 2019 12:14:34 GMT-0400 (Eastern Daylight Time)",1552493674198,1.67195,15,"437844854192919"
1,23,"Patricia",NA,"graduated_high_school",1552493774515,1,"male","green_swan","English","green swan",TRUE,"swan",FALSE,"other",FALSE,NA,"Wed Mar 13 2019 12:14:34 GMT-0400 (Eastern Daylight Time)",1552493674198,1.67195,16,"437844854192919"
1,38,"Barbara",NA,"some_college",1552493203182,1,"male","orange_banana","English","banana",TRUE,"orange banana",FALSE,"other",FALSE,NA,"Wed Mar 13 2019 09:05:15 GMT-0700 (Mountain Standard Time)",1552493115886,1.45493333333333,1,"019755352620499"
1,38,"Barbara",NA,"some_college",1552493203182,1,"male","black_feather","English","black feather",FALSE,"feather",TRUE,"other",FALSE,NA,"Wed Mar 13 2019 09:05:15 GMT-0700 (Mountain Standard Time)",1552493115886,1.45493333333333,2,"019755352620499"
1,38,"Barbara",NA,"some_college",1552493203182,1,"male","green_swan","English","green swan",TRUE,"swan",FALSE,"other",FALSE,NA,"Wed Mar 13 2019 09:05:15 GMT-0700 (Mountain Standard Time)",1552493115886,1.45493333333333,3,"019755352620499"
1,38,"Barbara",NA,"some_college",1552493203182,1,"male","white_swan","English","swan",TRUE,"white swan",FALSE,"other",FALSE,NA,"Wed Mar 13 2019 09:05:15 GMT-0700 (Mountain Standard Time)",1552493115886,1.45493333333333,4,"019755352620499"
1,38,"Barbara",NA,"some_college",1552493203182,1,"male","orange_carrot","English","orange carrot",FALSE,"carrot",TRUE,"other",FALSE,NA,"Wed Mar 13 2019 09:05:15 GMT-0700 (Mountain Standard Time)",1552493115886,1.45493333333333,5,"019755352620499"
1,38,"Barbara",NA,"some_college",1552493203182,1,"male","green_scissors","English","scissors",FALSE,"green scissors",TRUE,"other",FALSE,NA,"Wed Mar 13 2019 09:05:15 GMT-0700 (Mountain Standard Time)",1552493115886,1.45493333333333,6,"019755352620499"
1,38,"Barbara",NA,"some_college",1552493203182,1,"male","red_broccoli","English","broccoli",FALSE,"red broccoli",TRUE,"other",FALSE,NA,"Wed Mar 13 2019 09:05:15 GMT-0700 (Mountain Standard Time)",1552493115886,1.45493333333333,7,"019755352620499"
1,38,"Barbara",NA,"some_college",1552493203182,1,"male","yellow_banana","English","yellow banana",FALSE,"banana",TRUE,"other",FALSE,NA,"Wed Mar 13 2019 09:05:15 GMT-0700 (Mountain Standard Time)",1552493115886,1.45493333333333,8,"019755352620499"
1,38,"Barbara",NA,"some_college",1552493203182,1,"male","red_bellpepper","English","red bell pepper",TRUE,"bell pepper",FALSE,"other",FALSE,NA,"Wed Mar 13 2019 09:05:15 GMT-0700 (Mountain Standard Time)",1552493115886,1.45493333333333,9,"019755352620499"
1,38,"Barbara",NA,"some_college",1552493203182,1,"male","white_carrot","English","white carrot",TRUE,"carrot",FALSE,"other",FALSE,NA,"Wed Mar 13 2019 09:05:15 GMT-0700 (Mountain Standard Time)",1552493115886,1.45493333333333,10,"019755352620499"
1,38,"Barbara",NA,"some_college",1552493203182,1,"male","green_broccoli","English","broccoli",TRUE,"green broccoli",FALSE,"other",FALSE,NA,"Wed Mar 13 2019 09:05:15 GMT-0700 (Mountain Standard Time)",1552493115886,1.45493333333333,11,"019755352620499"
1,38,"Barbara",NA,"some_college",1552493203182,1,"male","orange_butterfly","English","butterfly",TRUE,"orange butterfly",FALSE,"other",FALSE,NA,"Wed Mar 13 2019 09:05:15 GMT-0700 (Mountain Standard Time)",1552493115886,1.45493333333333,12,"019755352620499"
1,38,"Barbara",NA,"some_college",1552493203182,1,"male","orange_mug","English","orange mug",FALSE,"mug",TRUE,"other",FALSE,NA,"Wed Mar 13 2019 09:05:15 GMT-0700 (Mountain Standard Time)",1552493115886,1.45493333333333,13,"019755352620499"
1,38,"Barbara",NA,"some_college",1552493203182,1,"male","yellow_jacket","English","jacket",FALSE,"yellow jacket",TRUE,"other",FALSE,NA,"Wed Mar 13 2019 09:05:15 GMT-0700 (Mountain Standard Time)",1552493115886,1.45493333333333,14,"019755352620499"
1,38,"Barbara",NA,"some_college",1552493203182,1,"male","blue_sponge","English","blue sponge",FALSE,"sponge",TRUE,"other",FALSE,NA,"Wed Mar 13 2019 09:05:15 GMT-0700 (Mountain Standard Time)",1552493115886,1.45493333333333,15,"019755352620499"
1,38,"Barbara",NA,"some_college",1552493203182,1,"male","red_book","English","book",TRUE,"red book",FALSE,"other",FALSE,NA,"Wed Mar 13 2019 09:05:15 GMT-0700 (Mountain Standard Time)",1552493115886,1.45493333333333,16,"019755352620499"
1,35,"Barbara","none","some_college",1552492870428,1,"female","orange_banana","english","banana",TRUE,"orange banana",FALSE,"other",FALSE,NA,"Wed Mar 13 2019 10:59:00 GMT-0500 (Central Daylight Time)",1552492740248,2.16966666666667,1,"939013433665595"
1,35,"Barbara","none","some_college",1552492870428,1,"female","black_feather","english","black feather",FALSE,"feather",TRUE,"other",FALSE,NA,"Wed Mar 13 2019 10:59:00 GMT-0500 (Central Daylight Time)",1552492740248,2.16966666666667,2,"939013433665595"
1,35,"Barbara","none","some_college",1552492870428,1,"female","orange_mug","english","orange mug",TRUE,"mug",FALSE,"other",FALSE,NA,"Wed Mar 13 2019 10:59:00 GMT-0500 (Central Daylight Time)",1552492740248,2.16966666666667,3,"939013433665595"
1,35,"Barbara","none","some_college",1552492870428,1,"female","white_swan","english","white swan",FALSE,"swan",TRUE,"other",FALSE,NA,"Wed Mar 13 2019 10:59:00 GMT-0500 (Central Daylight Time)",1552492740248,2.16966666666667,4,"939013433665595"
1,35,"Barbara","none","some_college",1552492870428,1,"female","red_bellpepper","english","red bell pepper",TRUE,"bell pepper",FALSE,"other",FALSE,NA,"Wed Mar 13 2019 10:59:00 GMT-0500 (Central Daylight Time)",1552492740248,2.16966666666667,5,"939013433665595"
1,35,"Barbara","none","some_college",1552492870428,1,"female","green_scissors","english","scissors",TRUE,"green scissors",FALSE,"other",FALSE,NA,"Wed Mar 13 2019 10:59:00 GMT-0500 (Central Daylight Time)",1552492740248,2.16966666666667,6,"939013433665595"
1,35,"Barbara","none","some_college",1552492870428,1,"female","green_broccoli","english","green broccoli",FALSE,"broccoli",TRUE,"other",FALSE,NA,"Wed Mar 13 2019 10:59:00 GMT-0500 (Central Daylight Time)",1552492740248,2.16966666666667,7,"939013433665595"
1,35,"Barbara","none","some_college",1552492870428,1,"female","green_swan","english","swan",FALSE,"green swan",TRUE,"other",FALSE,NA,"Wed Mar 13 2019 10:59:00 GMT-0500 (Central Daylight Time)",1552492740248,2.16966666666667,8,"939013433665595"
1,35,"Barbara","none","some_college",1552492870428,1,"female","white_carrot","english","white carrot",TRUE,"carrot",FALSE,"other",FALSE,NA,"Wed Mar 13 2019 10:59:00 GMT-0500 (Central Daylight Time)",1552492740248,2.16966666666667,9,"939013433665595"
1,35,"Barbara","none","some_college",1552492870428,1,"female","orange_butterfly","english","orange butterfly",FALSE,"butterfly",TRUE,"other",FALSE,NA,"Wed Mar 13 2019 10:59:00 GMT-0500 (Central Daylight Time)",1552492740248,2.16966666666667,10,"939013433665595"
1,35,"Barbara","none","some_college",1552492870428,1,"female","yellow_banana","english","yellow banana",FALSE,"banana",TRUE,"other",FALSE,NA,"Wed Mar 13 2019 10:59:00 GMT-0500 (Central Daylight Time)",1552492740248,2.16966666666667,11,"939013433665595"
1,35,"Barbara","none","some_college",1552492870428,1,"female","blue_sponge","english","sponge",TRUE,"blue sponge",FALSE,"other",FALSE,NA,"Wed Mar 13 2019 10:59:00 GMT-0500 (Central Daylight Time)",1552492740248,2.16966666666667,12,"939013433665595"
1,35,"Barbara","none","some_college",1552492870428,1,"female","red_broccoli","english","red broccoli",TRUE,"broccoli",FALSE,"other",FALSE,NA,"Wed Mar 13 2019 10:59:00 GMT-0500 (Central Daylight Time)",1552492740248,2.16966666666667,13,"939013433665595"
1,35,"Barbara","none","some_college",1552492870428,1,"female","red_book","english","book",TRUE,"red book",FALSE,"other",FALSE,NA,"Wed Mar 13 2019 10:59:00 GMT-0500 (Central Daylight Time)",1552492740248,2.16966666666667,14,"939013433665595"
1,35,"Barbara","none","some_college",1552492870428,1,"female","yellow_jacket","english","yellow jacket",FALSE,"jacket",TRUE,"other",FALSE,NA,"Wed Mar 13 2019 10:59:00 GMT-0500 (Central Daylight Time)",1552492740248,2.16966666666667,15,"939013433665595"
1,35,"Barbara","none","some_college",1552492870428,1,"female","orange_carrot","english","orange carrot",FALSE,"carrot",TRUE,"other",FALSE,NA,"Wed Mar 13 2019 10:59:00 GMT-0500 (Central Daylight Time)",1552492740248,2.16966666666667,16,"939013433665595"
1,56,"Mary",NA,"graduated_college",1552492600378,2,"male","green_swan","english","swan",FALSE,"green swan",TRUE,"other",FALSE,NA,"Wed Mar 13 2019 10:53:27 GMT-0500 (Central Daylight Time)",1552492407614,3.21273333333333,1,"609420546215308"
1,56,"Mary",NA,"graduated_college",1552492600378,2,"male","yellow_banana","english","banana",FALSE,"yellow banana",TRUE,"other",FALSE,NA,"Wed Mar 13 2019 10:53:27 GMT-0500 (Central Daylight Time)",1552492407614,3.21273333333333,2,"609420546215308"
1,56,"Mary",NA,"graduated_college",1552492600378,2,"male","black_feather","english","black feather",FALSE,"feather",TRUE,"other",FALSE,NA,"Wed Mar 13 2019 10:53:27 GMT-0500 (Central Daylight Time)",1552492407614,3.21273333333333,3,"609420546215308"
1,56,"Mary",NA,"graduated_college",1552492600378,2,"male","yellow_jacket","english","jacket",FALSE,"yellow jacket",TRUE,"other",FALSE,NA,"Wed Mar 13 2019 10:53:27 GMT-0500 (Central Daylight Time)",1552492407614,3.21273333333333,4,"609420546215308"
1,56,"Mary",NA,"graduated_college",1552492600378,2,"male","white_carrot","english","carrot",FALSE,"white carrot",TRUE,"other",FALSE,NA,"Wed Mar 13 2019 10:53:27 GMT-0500 (Central Daylight Time)",1552492407614,3.21273333333333,5,"609420546215308"
1,56,"Mary",NA,"graduated_college",1552492600378,2,"male","red_bellpepper","english","bell pepper",FALSE,"red bell pepper",TRUE,"other",FALSE,NA,"Wed Mar 13 2019 10:53:27 GMT-0500 (Central Daylight Time)",1552492407614,3.21273333333333,6,"609420546215308"
1,56,"Mary",NA,"graduated_college",1552492600378,2,"male","green_broccoli","english","green broccoli",FALSE,"broccoli",TRUE,"other",FALSE,NA,"Wed Mar 13 2019 10:53:27 GMT-0500 (Central Daylight Time)",1552492407614,3.21273333333333,7,"609420546215308"
1,56,"Mary",NA,"graduated_college",1552492600378,2,"male","red_book","english","red book",TRUE,"book",FALSE,"other",FALSE,NA,"Wed Mar 13 2019 10:53:27 GMT-0500 (Central Daylight Time)",1552492407614,3.21273333333333,8,"609420546215308"
1,56,"Mary",NA,"graduated_college",1552492600378,2,"male","red_broccoli","english","red broccoli",TRUE,"broccoli",FALSE,"other",FALSE,NA,"Wed Mar 13 2019 10:53:27 GMT-0500 (Central Daylight Time)",1552492407614,3.21273333333333,9,"609420546215308"
1,56,"Mary",NA,"graduated_college",1552492600378,2,"male","orange_butterfly","english","orange butterfly",FALSE,"butterfly",TRUE,"other",FALSE,NA,"Wed Mar 13 2019 10:53:27 GMT-0500 (Central Daylight Time)",1552492407614,3.21273333333333,10,"609420546215308"
1,56,"Mary",NA,"graduated_college",1552492600378,2,"male","white_swan","english","white swan",FALSE,"swan",TRUE,"other",FALSE,NA,"Wed Mar 13 2019 10:53:27 GMT-0500 (Central Daylight Time)",1552492407614,3.21273333333333,11,"609420546215308"
1,56,"Mary",NA,"graduated_college",1552492600378,2,"male","green_scissors","english","scissors",TRUE,"green scissors",FALSE,"other",FALSE,NA,"Wed Mar 13 2019 10:53:27 GMT-0500 (Central Daylight Time)",1552492407614,3.21273333333333,12,"609420546215308"
1,56,"Mary",NA,"graduated_college",1552492600378,2,"male","blue_sponge","english","sponge",TRUE,"blue sponge",FALSE,"other",FALSE,NA,"Wed Mar 13 2019 10:53:27 GMT-0500 (Central Daylight Time)",1552492407614,3.21273333333333,13,"609420546215308"
1,56,"Mary",NA,"graduated_college",1552492600378,2,"male","orange_mug","english","orange mug",TRUE,"mug",FALSE,"other",FALSE,NA,"Wed Mar 13 2019 10:53:27 GMT-0500 (Central Daylight Time)",1552492407614,3.21273333333333,14,"609420546215308"
1,56,"Mary",NA,"graduated_college",1552492600378,2,"male","orange_banana","english","banana",FALSE,"orange banana",TRUE,"other",FALSE,NA,"Wed Mar 13 2019 10:53:27 GMT-0500 (Central Daylight Time)",1552492407614,3.21273333333333,15,"609420546215308"
1,56,"Mary",NA,"graduated_college",1552492600378,2,"male","orange_carrot","english","orange carrot",FALSE,"carrot",TRUE,"other",FALSE,NA,"Wed Mar 13 2019 10:53:27 GMT-0500 (Central Daylight Time)",1552492407614,3.21273333333333,16,"609420546215308"
1,33,"margaret",NA,"some_college",1552492522949,2,"male","yellow_jacket","english","jacket",TRUE,"yellow jacket",FALSE,"other",FALSE,NA,"Wed Mar 13 2019 11:53:20 GMT-0400 (Eastern Daylight Time)",1552492400352,2.04328333333333,1,"461093692420347"
1,33,"margaret",NA,"some_college",1552492522949,2,"male","orange_mug","english","mug",TRUE,"orange mug",FALSE,"other",FALSE,NA,"Wed Mar 13 2019 11:53:20 GMT-0400 (Eastern Daylight Time)",1552492400352,2.04328333333333,2,"461093692420347"
1,33,"margaret",NA,"some_college",1552492522949,2,"male","white_carrot","english","white carrot",TRUE,"carrot",FALSE,"other",FALSE,NA,"Wed Mar 13 2019 11:53:20 GMT-0400 (Eastern Daylight Time)",1552492400352,2.04328333333333,3,"461093692420347"
1,33,"margaret",NA,"some_college",1552492522949,2,"male","red_broccoli","english","red broccoli",TRUE,"broccoli",FALSE,"other",FALSE,NA,"Wed Mar 13 2019 11:53:20 GMT-0400 (Eastern Daylight Time)",1552492400352,2.04328333333333,4,"461093692420347"
1,33,"margaret",NA,"some_college",1552492522949,2,"male","green_scissors","english","scissors",TRUE,"green scissors",FALSE,"other",FALSE,NA,"Wed Mar 13 2019 11:53:20 GMT-0400 (Eastern Daylight Time)",1552492400352,2.04328333333333,5,"461093692420347"
1,33,"margaret",NA,"some_college",1552492522949,2,"male","orange_banana","english","orange banana",TRUE,"banana",FALSE,"other",FALSE,NA,"Wed Mar 13 2019 11:53:20 GMT-0400 (Eastern Daylight Time)",1552492400352,2.04328333333333,6,"461093692420347"
1,33,"margaret",NA,"some_college",1552492522949,2,"male","red_bellpepper","english","bell pepper",FALSE,"red bell pepper",TRUE,"other",FALSE,NA,"Wed Mar 13 2019 11:53:20 GMT-0400 (Eastern Daylight Time)",1552492400352,2.04328333333333,7,"461093692420347"
1,33,"margaret",NA,"some_college",1552492522949,2,"male","yellow_banana","english","yellow banana",FALSE,"banana",TRUE,"other",FALSE,NA,"Wed Mar 13 2019 11:53:20 GMT-0400 (Eastern Daylight Time)",1552492400352,2.04328333333333,8,"461093692420347"
1,33,"margaret",NA,"some_college",1552492522949,2,"male","blue_sponge","english","blue sponge",FALSE,"sponge",TRUE,"other",FALSE,NA,"Wed Mar 13 2019 11:53:20 GMT-0400 (Eastern Daylight Time)",1552492400352,2.04328333333333,9,"461093692420347"
1,33,"margaret",NA,"some_college",1552492522949,2,"male","red_book","english","book",TRUE,"red book",FALSE,"other",FALSE,NA,"Wed Mar 13 2019 11:53:20 GMT-0400 (Eastern Daylight Time)",1552492400352,2.04328333333333,10,"461093692420347"
1,33,"margaret",NA,"some_college",1552492522949,2,"male","orange_carrot","english","carrot",TRUE,"orange carrot",FALSE,"other",FALSE,NA,"Wed Mar 13 2019 11:53:20 GMT-0400 (Eastern Daylight Time)",1552492400352,2.04328333333333,11,"461093692420347"
1,33,"margaret",NA,"some_college",1552492522949,2,"male","orange_butterfly","english","orange butterfly",TRUE,"butterfly",FALSE,"other",FALSE,NA,"Wed Mar 13 2019 11:53:20 GMT-0400 (Eastern Daylight Time)",1552492400352,2.04328333333333,12,"461093692420347"
1,33,"margaret",NA,"some_college",1552492522949,2,"male","green_swan","english","green swan",TRUE,"swan",FALSE,"other",FALSE,NA,"Wed Mar 13 2019 11:53:20 GMT-0400 (Eastern Daylight Time)",1552492400352,2.04328333333333,13,"461093692420347"
1,33,"margaret",NA,"some_college",1552492522949,2,"male","green_broccoli","english","green broccoli",FALSE,"broccoli",TRUE,"other",FALSE,NA,"Wed Mar 13 2019 11:53:20 GMT-0400 (Eastern Daylight Time)",1552492400352,2.04328333333333,14,"461093692420347"
1,33,"margaret",NA,"some_college",1552492522949,2,"male","white_swan","english","swan",TRUE,"white swan",FALSE,"other",FALSE,NA,"Wed Mar 13 2019 11:53:20 GMT-0400 (Eastern Daylight Time)",1552492400352,2.04328333333333,15,"461093692420347"
1,33,"margaret",NA,"some_college",1552492522949,2,"male","black_feather","english","feather",TRUE,"black feather",FALSE,"other",FALSE,NA,"Wed Mar 13 2019 11:53:20 GMT-0400 (Eastern Daylight Time)",1552492400352,2.04328333333333,16,"461093692420347"
1,35,"jessica",NA,"graduated_college",1552492161403,2,"male","orange_carrot","english","orange carrot",FALSE,"carrot",TRUE,"other",FALSE,NA,"Wed Mar 13 2019 08:48:10 GMT-0700 (Pacific Daylight Time)",1552492090872,1.17551666666667,1,"703876584374742"
1,35,"jessica",NA,"graduated_college",1552492161403,2,"male","yellow_jacket","english","yellow jacket",TRUE,"jacket",FALSE,"other",FALSE,NA,"Wed Mar 13 2019 08:48:10 GMT-0700 (Pacific Daylight Time)",1552492090872,1.17551666666667,2,"703876584374742"
1,35,"jessica",NA,"graduated_college",1552492161403,2,"male","green_swan","english","swan",FALSE,"green swan",TRUE,"other",FALSE,NA,"Wed Mar 13 2019 08:48:10 GMT-0700 (Pacific Daylight Time)",1552492090872,1.17551666666667,3,"703876584374742"
1,35,"jessica",NA,"graduated_college",1552492161403,2,"male","orange_banana","english","orange banana",TRUE,"banana",FALSE,"other",FALSE,NA,"Wed Mar 13 2019 08:48:10 GMT-0700 (Pacific Daylight Time)",1552492090872,1.17551666666667,4,"703876584374742"
1,35,"jessica",NA,"graduated_college",1552492161403,2,"male","red_broccoli","english","red broccoli",TRUE,"broccoli",FALSE,"other",FALSE,NA,"Wed Mar 13 2019 08:48:10 GMT-0700 (Pacific Daylight Time)",1552492090872,1.17551666666667,5,"703876584374742"
1,35,"jessica",NA,"graduated_college",1552492161403,2,"male","white_swan","english","white swan",FALSE,"swan",TRUE,"other",FALSE,NA,"Wed Mar 13 2019 08:48:10 GMT-0700 (Pacific Daylight Time)",1552492090872,1.17551666666667,6,"703876584374742"
1,35,"jessica",NA,"graduated_college",1552492161403,2,"male","black_feather","english","black feather",FALSE,"feather",TRUE,"other",FALSE,NA,"Wed Mar 13 2019 08:48:10 GMT-0700 (Pacific Daylight Time)",1552492090872,1.17551666666667,7,"703876584374742"
1,35,"jessica",NA,"graduated_college",1552492161403,2,"male","green_broccoli","english","broccoli",TRUE,"green broccoli",FALSE,"other",FALSE,NA,"Wed Mar 13 2019 08:48:10 GMT-0700 (Pacific Daylight Time)",1552492090872,1.17551666666667,8,"703876584374742"
1,35,"jessica",NA,"graduated_college",1552492161403,2,"male","white_carrot","english","carrot",FALSE,"white carrot",TRUE,"other",FALSE,NA,"Wed Mar 13 2019 08:48:10 GMT-0700 (Pacific Daylight Time)",1552492090872,1.17551666666667,9,"703876584374742"
1,35,"jessica",NA,"graduated_college",1552492161403,2,"male","orange_butterfly","english","orange butterfly",TRUE,"butterfly",FALSE,"other",FALSE,NA,"Wed Mar 13 2019 08:48:10 GMT-0700 (Pacific Daylight Time)",1552492090872,1.17551666666667,10,"703876584374742"
1,35,"jessica",NA,"graduated_college",1552492161403,2,"male","yellow_banana","english","banana",TRUE,"yellow banana",FALSE,"other",FALSE,NA,"Wed Mar 13 2019 08:48:10 GMT-0700 (Pacific Daylight Time)",1552492090872,1.17551666666667,11,"703876584374742"
1,35,"jessica",NA,"graduated_college",1552492161403,2,"male","red_bellpepper","english","bell pepper",FALSE,"red bell pepper",TRUE,"other",FALSE,NA,"Wed Mar 13 2019 08:48:10 GMT-0700 (Pacific Daylight Time)",1552492090872,1.17551666666667,12,"703876584374742"
1,35,"jessica",NA,"graduated_college",1552492161403,2,"male","green_scissors","english","green scissors",TRUE,"scissors",FALSE,"other",FALSE,NA,"Wed Mar 13 2019 08:48:10 GMT-0700 (Pacific Daylight Time)",1552492090872,1.17551666666667,13,"703876584374742"
1,35,"jessica",NA,"graduated_college",1552492161403,2,"male","orange_mug","english","orange mug",TRUE,"mug",FALSE,"other",FALSE,NA,"Wed Mar 13 2019 08:48:10 GMT-0700 (Pacific Daylight Time)",1552492090872,1.17551666666667,14,"703876584374742"
1,35,"jessica",NA,"graduated_college",1552492161403,2,"male","red_book","english","red book",TRUE,"book",FALSE,"other",FALSE,NA,"Wed Mar 13 2019 08:48:10 GMT-0700 (Pacific Daylight Time)",1552492090872,1.17551666666667,15,"703876584374742"
1,35,"jessica",NA,"graduated_college",1552492161403,2,"male","blue_sponge","english","sponge",FALSE,"blue sponge",TRUE,"other",FALSE,NA,"Wed Mar 13 2019 08:48:10 GMT-0700 (Pacific Daylight Time)",1552492090872,1.17551666666667,16,"703876584374742"
1,29,"Jennifer",NA,"some_college",1552491557871,2,"female","white_carrot","English","white carrot",TRUE,"carrot",FALSE,"other",FALSE,NA,"Wed Mar 13 2019 10:38:02 GMT-0500 (Central Daylight Time)",1552491482536,1.25558333333333,1,"821299544779920"
1,29,"Jennifer",NA,"some_college",1552491557871,2,"female","black_feather","English","black feather",TRUE,"feather",FALSE,"other",FALSE,NA,"Wed Mar 13 2019 10:38:02 GMT-0500 (Central Daylight Time)",1552491482536,1.25558333333333,2,"821299544779920"
1,29,"Jennifer",NA,"some_college",1552491557871,2,"female","orange_banana","English","banana",FALSE,"orange banana",TRUE,"other",FALSE,NA,"Wed Mar 13 2019 10:38:02 GMT-0500 (Central Daylight Time)",1552491482536,1.25558333333333,3,"821299544779920"
1,29,"Jennifer",NA,"some_college",1552491557871,2,"female","red_bellpepper","English","bell pepper",FALSE,"red bell pepper",TRUE,"other",FALSE,NA,"Wed Mar 13 2019 10:38:02 GMT-0500 (Central Daylight Time)",1552491482536,1.25558333333333,4,"821299544779920"
1,29,"Jennifer",NA,"some_college",1552491557871,2,"female","red_broccoli","English","red broccoli",TRUE,"broccoli",FALSE,"other",FALSE,NA,"Wed Mar 13 2019 10:38:02 GMT-0500 (Central Daylight Time)",1552491482536,1.25558333333333,5,"821299544779920"
1,29,"Jennifer",NA,"some_college",1552491557871,2,"female","green_swan","English","swan",FALSE,"green swan",TRUE,"other",FALSE,NA,"Wed Mar 13 2019 10:38:02 GMT-0500 (Central Daylight Time)",1552491482536,1.25558333333333,6,"821299544779920"
1,29,"Jennifer",NA,"some_college",1552491557871,2,"female","orange_carrot","English","carrot",TRUE,"orange carrot",FALSE,"other",FALSE,NA,"Wed Mar 13 2019 10:38:02 GMT-0500 (Central Daylight Time)",1552491482536,1.25558333333333,7,"821299544779920"
1,29,"Jennifer",NA,"some_college",1552491557871,2,"female","orange_mug","English","mug",FALSE,"orange mug",TRUE,"other",FALSE,NA,"Wed Mar 13 2019 10:38:02 GMT-0500 (Central Daylight Time)",1552491482536,1.25558333333333,8,"821299544779920"
1,29,"Jennifer",NA,"some_college",1552491557871,2,"female","orange_butterfly","English","butterfly",FALSE,"orange butterfly",TRUE,"other",FALSE,NA,"Wed Mar 13 2019 10:38:02 GMT-0500 (Central Daylight Time)",1552491482536,1.25558333333333,9,"821299544779920"
1,29,"Jennifer",NA,"some_college",1552491557871,2,"female","white_swan","English","white swan",FALSE,"swan",TRUE,"other",FALSE,NA,"Wed Mar 13 2019 10:38:02 GMT-0500 (Central Daylight Time)",1552491482536,1.25558333333333,10,"821299544779920"
1,29,"Jennifer",NA,"some_college",1552491557871,2,"female","green_scissors","English","scissors",FALSE,"green scissors",TRUE,"other",FALSE,NA,"Wed Mar 13 2019 10:38:02 GMT-0500 (Central Daylight Time)",1552491482536,1.25558333333333,11,"821299544779920"
1,29,"Jennifer",NA,"some_college",1552491557871,2,"female","red_book","English","book",FALSE,"red book",TRUE,"other",FALSE,NA,"Wed Mar 13 2019 10:38:02 GMT-0500 (Central Daylight Time)",1552491482536,1.25558333333333,12,"821299544779920"
1,29,"Jennifer",NA,"some_college",1552491557871,2,"female","yellow_jacket","English","jacket",FALSE,"yellow jacket",TRUE,"other",FALSE,NA,"Wed Mar 13 2019 10:38:02 GMT-0500 (Central Daylight Time)",1552491482536,1.25558333333333,13,"821299544779920"
1,29,"Jennifer",NA,"some_college",1552491557871,2,"female","green_broccoli","English","broccoli",TRUE,"green broccoli",FALSE,"other",FALSE,NA,"Wed Mar 13 2019 10:38:02 GMT-0500 (Central Daylight Time)",1552491482536,1.25558333333333,14,"821299544779920"
1,29,"Jennifer",NA,"some_college",1552491557871,2,"female","yellow_banana","English","yellow banana",FALSE,"banana",TRUE,"other",FALSE,NA,"Wed Mar 13 2019 10:38:02 GMT-0500 (Central Daylight Time)",1552491482536,1.25558333333333,15,"821299544779920"
1,29,"Jennifer",NA,"some_college",1552491557871,2,"female","blue_sponge","English","sponge",TRUE,"blue sponge",FALSE,"other",FALSE,NA,"Wed Mar 13 2019 10:38:02 GMT-0500 (Central Daylight Time)",1552491482536,1.25558333333333,16,"821299544779920"
1,27,"Barbara",NA,"graduated_high_school",1552491411447,2,"male","red_book","English","red book",FALSE,"book",FALSE,"other",TRUE,"orange book","Wed Mar 13 2019 11:34:55 GMT-0400 (Eastern Daylight Time)",1552491295888,1.92598333333333,1,"945096472818063"
1,27,"Barbara",NA,"graduated_high_school",1552491411447,2,"male","red_bellpepper","English","bell pepper",FALSE,"red bell pepper",TRUE,"other",FALSE,NA,"Wed Mar 13 2019 11:34:55 GMT-0400 (Eastern Daylight Time)",1552491295888,1.92598333333333,2,"945096472818063"
1,27,"Barbara",NA,"graduated_high_school",1552491411447,2,"male","yellow_jacket","English","jacket",FALSE,"yellow jacket",TRUE,"other",FALSE,NA,"Wed Mar 13 2019 11:34:55 GMT-0400 (Eastern Daylight Time)",1552491295888,1.92598333333333,3,"945096472818063"
1,27,"Barbara",NA,"graduated_high_school",1552491411447,2,"male","orange_mug","English","orange mug",TRUE,"mug",FALSE,"other",FALSE,NA,"Wed Mar 13 2019 11:34:55 GMT-0400 (Eastern Daylight Time)",1552491295888,1.92598333333333,4,"945096472818063"
1,27,"Barbara",NA,"graduated_high_school",1552491411447,2,"male","black_feather","English","black feather",FALSE,"feather",TRUE,"other",FALSE,NA,"Wed Mar 13 2019 11:34:55 GMT-0400 (Eastern Daylight Time)",1552491295888,1.92598333333333,5,"945096472818063"
1,27,"Barbara",NA,"graduated_high_school",1552491411447,2,"male","white_carrot","English","white carrot",TRUE,"carrot",FALSE,"other",FALSE,NA,"Wed Mar 13 2019 11:34:55 GMT-0400 (Eastern Daylight Time)",1552491295888,1.92598333333333,6,"945096472818063"
1,27,"Barbara",NA,"graduated_high_school",1552491411447,2,"male","white_swan","English","swan",TRUE,"white swan",FALSE,"other",FALSE,NA,"Wed Mar 13 2019 11:34:55 GMT-0400 (Eastern Daylight Time)",1552491295888,1.92598333333333,7,"945096472818063"
1,27,"Barbara",NA,"graduated_high_school",1552491411447,2,"male","red_broccoli","English","broccoli",FALSE,"red broccoli",TRUE,"other",FALSE,NA,"Wed Mar 13 2019 11:34:55 GMT-0400 (Eastern Daylight Time)",1552491295888,1.92598333333333,8,"945096472818063"
1,27,"Barbara",NA,"graduated_high_school",1552491411447,2,"male","green_swan","English","green swan",TRUE,"swan",FALSE,"other",FALSE,NA,"Wed Mar 13 2019 11:34:55 GMT-0400 (Eastern Daylight Time)",1552491295888,1.92598333333333,9,"945096472818063"
1,27,"Barbara",NA,"graduated_high_school",1552491411447,2,"male","orange_butterfly","English","butterfly",TRUE,"orange butterfly",FALSE,"other",FALSE,NA,"Wed Mar 13 2019 11:34:55 GMT-0400 (Eastern Daylight Time)",1552491295888,1.92598333333333,10,"945096472818063"
1,27,"Barbara",NA,"graduated_high_school",1552491411447,2,"male","green_scissors","English","scissors",FALSE,"green scissors",TRUE,"other",FALSE,NA,"Wed Mar 13 2019 11:34:55 GMT-0400 (Eastern Daylight Time)",1552491295888,1.92598333333333,11,"945096472818063"
1,27,"Barbara",NA,"graduated_high_school",1552491411447,2,"male","orange_banana","English","banana",FALSE,"orange banana",TRUE,"other",FALSE,NA,"Wed Mar 13 2019 11:34:55 GMT-0400 (Eastern Daylight Time)",1552491295888,1.92598333333333,12,"945096472818063"
1,27,"Barbara",NA,"graduated_high_school",1552491411447,2,"male","orange_carrot","English","carrot",TRUE,"orange carrot",FALSE,"other",FALSE,NA,"Wed Mar 13 2019 11:34:55 GMT-0400 (Eastern Daylight Time)",1552491295888,1.92598333333333,13,"945096472818063"
1,27,"Barbara",NA,"graduated_high_school",1552491411447,2,"male","yellow_banana","English","yellow banana",FALSE,"banana",TRUE,"other",FALSE,NA,"Wed Mar 13 2019 11:34:55 GMT-0400 (Eastern Daylight Time)",1552491295888,1.92598333333333,14,"945096472818063"
1,27,"Barbara",NA,"graduated_high_school",1552491411447,2,"male","green_broccoli","English","broccoli",TRUE,"green broccoli",FALSE,"other",FALSE,NA,"Wed Mar 13 2019 11:34:55 GMT-0400 (Eastern Daylight Time)",1552491295888,1.92598333333333,15,"945096472818063"
1,27,"Barbara",NA,"graduated_high_school",1552491411447,2,"male","blue_sponge","English","blue sponge",FALSE,"sponge",TRUE,"other",FALSE,NA,"Wed Mar 13 2019 11:34:55 GMT-0400 (Eastern Daylight Time)",1552491295888,1.92598333333333,16,"945096472818063"
1,38,"Susan","n/a","graduated_college",1552491326148,1,"female","orange_butterfly","English","orange butterfly",TRUE,"butterfly",FALSE,"other",FALSE,NA,"Wed Mar 13 2019 08:33:42 GMT-0700 (Pacific Daylight Time)",1552491222474,1.7279,1,"965427281191912"
1,38,"Susan","n/a","graduated_college",1552491326148,1,"female","yellow_banana","English","yellow banana",FALSE,"banana",TRUE,"other",FALSE,NA,"Wed Mar 13 2019 08:33:42 GMT-0700 (Pacific Daylight Time)",1552491222474,1.7279,2,"965427281191912"
1,38,"Susan","n/a","graduated_college",1552491326148,1,"female","black_feather","English","black feather",TRUE,"feather",FALSE,"other",FALSE,NA,"Wed Mar 13 2019 08:33:42 GMT-0700 (Pacific Daylight Time)",1552491222474,1.7279,3,"965427281191912"
1,38,"Susan","n/a","graduated_college",1552491326148,1,"female","orange_banana","English","orange banana",TRUE,"banana",FALSE,"other",FALSE,NA,"Wed Mar 13 2019 08:33:42 GMT-0700 (Pacific Daylight Time)",1552491222474,1.7279,4,"965427281191912"
1,38,"Susan","n/a","graduated_college",1552491326148,1,"female","yellow_jacket","English","jacket",FALSE,"yellow jacket",TRUE,"other",FALSE,NA,"Wed Mar 13 2019 08:33:42 GMT-0700 (Pacific Daylight Time)",1552491222474,1.7279,5,"965427281191912"
1,38,"Susan","n/a","graduated_college",1552491326148,1,"female","white_carrot","English","white carrot",TRUE,"carrot",FALSE,"other",FALSE,NA,"Wed Mar 13 2019 08:33:42 GMT-0700 (Pacific Daylight Time)",1552491222474,1.7279,6,"965427281191912"
1,38,"Susan","n/a","graduated_college",1552491326148,1,"female","green_broccoli","English","green broccoli",FALSE,"broccoli",TRUE,"other",FALSE,NA,"Wed Mar 13 2019 08:33:42 GMT-0700 (Pacific Daylight Time)",1552491222474,1.7279,7,"965427281191912"
1,38,"Susan","n/a","graduated_college",1552491326148,1,"female","red_book","English","red book",TRUE,"book",FALSE,"other",FALSE,NA,"Wed Mar 13 2019 08:33:42 GMT-0700 (Pacific Daylight Time)",1552491222474,1.7279,8,"965427281191912"
1,38,"Susan","n/a","graduated_college",1552491326148,1,"female","blue_sponge","English","sponge",TRUE,"blue sponge",FALSE,"other",FALSE,NA,"Wed Mar 13 2019 08:33:42 GMT-0700 (Pacific Daylight Time)",1552491222474,1.7279,9,"965427281191912"
1,38,"Susan","n/a","graduated_college",1552491326148,1,"female","orange_mug","English","orange mug",TRUE,"mug",FALSE,"other",FALSE,NA,"Wed Mar 13 2019 08:33:42 GMT-0700 (Pacific Daylight Time)",1552491222474,1.7279,10,"965427281191912"
1,38,"Susan","n/a","graduated_college",1552491326148,1,"female","orange_carrot","English","orange carrot",FALSE,"carrot",TRUE,"other",FALSE,NA,"Wed Mar 13 2019 08:33:42 GMT-0700 (Pacific Daylight Time)",1552491222474,1.7279,11,"965427281191912"
1,38,"Susan","n/a","graduated_college",1552491326148,1,"female","red_broccoli","English","red broccoli",TRUE,"broccoli",FALSE,"other",FALSE,NA,"Wed Mar 13 2019 08:33:42 GMT-0700 (Pacific Daylight Time)",1552491222474,1.7279,12,"965427281191912"
1,38,"Susan","n/a","graduated_college",1552491326148,1,"female","green_scissors","English","green scissors",TRUE,"scissors",FALSE,"other",FALSE,NA,"Wed Mar 13 2019 08:33:42 GMT-0700 (Pacific Daylight Time)",1552491222474,1.7279,13,"965427281191912"
1,38,"Susan","n/a","graduated_college",1552491326148,1,"female","red_bellpepper","English","bell pepper",FALSE,"red bell pepper",TRUE,"other",FALSE,NA,"Wed Mar 13 2019 08:33:42 GMT-0700 (Pacific Daylight Time)",1552491222474,1.7279,14,"965427281191912"
1,38,"Susan","n/a","graduated_college",1552491326148,1,"female","white_swan","English","white swan",TRUE,"swan",FALSE,"other",FALSE,NA,"Wed Mar 13 2019 08:33:42 GMT-0700 (Pacific Daylight Time)",1552491222474,1.7279,15,"965427281191912"
1,38,"Susan","n/a","graduated_college",1552491326148,1,"female","green_swan","English","swan",FALSE,"green swan",TRUE,"other",FALSE,NA,"Wed Mar 13 2019 08:33:42 GMT-0700 (Pacific Daylight Time)",1552491222474,1.7279,16,"965427281191912"
1,45,"Susan",NA,"graduated_college",1552490836219,2,"male","yellow_banana","English","yellow banana",FALSE,"banana",TRUE,"other",FALSE,NA,"Wed Mar 13 2019 11:25:11 GMT-0400 (Eastern Daylight Time)",1552490711377,2.0807,1,"320871361829722"
1,45,"Susan",NA,"graduated_college",1552490836219,2,"male","green_swan","English","swan",FALSE,"green swan",TRUE,"other",FALSE,NA,"Wed Mar 13 2019 11:25:11 GMT-0400 (Eastern Daylight Time)",1552490711377,2.0807,2,"320871361829722"
1,45,"Susan",NA,"graduated_college",1552490836219,2,"male","white_swan","English","swan",TRUE,"white swan",FALSE,"other",FALSE,NA,"Wed Mar 13 2019 11:25:11 GMT-0400 (Eastern Daylight Time)",1552490711377,2.0807,3,"320871361829722"
1,45,"Susan",NA,"graduated_college",1552490836219,2,"male","orange_banana","English","banana",FALSE,"orange banana",TRUE,"other",FALSE,NA,"Wed Mar 13 2019 11:25:11 GMT-0400 (Eastern Daylight Time)",1552490711377,2.0807,4,"320871361829722"
1,45,"Susan",NA,"graduated_college",1552490836219,2,"male","red_bellpepper","English","red bell pepper",TRUE,"bell pepper",FALSE,"other",FALSE,NA,"Wed Mar 13 2019 11:25:11 GMT-0400 (Eastern Daylight Time)",1552490711377,2.0807,5,"320871361829722"
1,45,"Susan",NA,"graduated_college",1552490836219,2,"male","green_broccoli","English","green broccoli",FALSE,"broccoli",TRUE,"other",FALSE,NA,"Wed Mar 13 2019 11:25:11 GMT-0400 (Eastern Daylight Time)",1552490711377,2.0807,6,"320871361829722"
1,45,"Susan",NA,"graduated_college",1552490836219,2,"male","orange_butterfly","English","butterfly",FALSE,"orange butterfly",TRUE,"other",FALSE,NA,"Wed Mar 13 2019 11:25:11 GMT-0400 (Eastern Daylight Time)",1552490711377,2.0807,7,"320871361829722"
1,45,"Susan",NA,"graduated_college",1552490836219,2,"male","red_book","English","book",TRUE,"red book",FALSE,"other",FALSE,NA,"Wed Mar 13 2019 11:25:11 GMT-0400 (Eastern Daylight Time)",1552490711377,2.0807,8,"320871361829722"
1,45,"Susan",NA,"graduated_college",1552490836219,2,"male","black_feather","English","feather",TRUE,"black feather",FALSE,"other",FALSE,NA,"Wed Mar 13 2019 11:25:11 GMT-0400 (Eastern Daylight Time)",1552490711377,2.0807,9,"320871361829722"
1,45,"Susan",NA,"graduated_college",1552490836219,2,"male","white_carrot","English","carrot",FALSE,"white carrot",TRUE,"other",FALSE,NA,"Wed Mar 13 2019 11:25:11 GMT-0400 (Eastern Daylight Time)",1552490711377,2.0807,10,"320871361829722"
1,45,"Susan",NA,"graduated_college",1552490836219,2,"male","red_broccoli","English","broccoli",FALSE,"red broccoli",TRUE,"other",FALSE,NA,"Wed Mar 13 2019 11:25:11 GMT-0400 (Eastern Daylight Time)",1552490711377,2.0807,11,"320871361829722"
1,45,"Susan",NA,"graduated_college",1552490836219,2,"male","orange_mug","English","mug",TRUE,"orange mug",FALSE,"other",FALSE,NA,"Wed Mar 13 2019 11:25:11 GMT-0400 (Eastern Daylight Time)",1552490711377,2.0807,12,"320871361829722"
1,45,"Susan",NA,"graduated_college",1552490836219,2,"male","green_scissors","English","green scissors",FALSE,"scissors",TRUE,"other",FALSE,NA,"Wed Mar 13 2019 11:25:11 GMT-0400 (Eastern Daylight Time)",1552490711377,2.0807,13,"320871361829722"
1,45,"Susan",NA,"graduated_college",1552490836219,2,"male","blue_sponge","English","blue sponge",FALSE,"sponge",TRUE,"other",FALSE,NA,"Wed Mar 13 2019 11:25:11 GMT-0400 (Eastern Daylight Time)",1552490711377,2.0807,14,"320871361829722"
1,45,"Susan",NA,"graduated_college",1552490836219,2,"male","yellow_jacket","English","jacket",FALSE,"yellow jacket",TRUE,"other",FALSE,NA,"Wed Mar 13 2019 11:25:11 GMT-0400 (Eastern Daylight Time)",1552490711377,2.0807,15,"320871361829722"
1,45,"Susan",NA,"graduated_college",1552490836219,2,"male","orange_carrot","English","carrot",TRUE,"orange carrot",FALSE,"other",FALSE,NA,"Wed Mar 13 2019 11:25:11 GMT-0400 (Eastern Daylight Time)",1552490711377,2.0807,16,"320871361829722"
1,30,"Jessica",NA,"graduated_high_school",1552490754920,2,"male","red_broccoli","English","broccoli",FALSE,"red broccoli",TRUE,"other",FALSE,NA,"Wed Mar 13 2019 08:24:47 GMT-0700 (Pacific Daylight Time)",1552490687465,1.12425,1,"887456424333079"
1,30,"Jessica",NA,"graduated_high_school",1552490754920,2,"male","yellow_banana","English","banana",TRUE,"yellow banana",FALSE,"other",FALSE,NA,"Wed Mar 13 2019 08:24:47 GMT-0700 (Pacific Daylight Time)",1552490687465,1.12425,2,"887456424333079"
1,30,"Jessica",NA,"graduated_high_school",1552490754920,2,"male","white_swan","English","swan",TRUE,"white swan",FALSE,"other",FALSE,NA,"Wed Mar 13 2019 08:24:47 GMT-0700 (Pacific Daylight Time)",1552490687465,1.12425,3,"887456424333079"
1,30,"Jessica",NA,"graduated_high_school",1552490754920,2,"male","green_scissors","English","green scissors",TRUE,"scissors",FALSE,"other",FALSE,NA,"Wed Mar 13 2019 08:24:47 GMT-0700 (Pacific Daylight Time)",1552490687465,1.12425,4,"887456424333079"
1,30,"Jessica",NA,"graduated_high_school",1552490754920,2,"male","orange_carrot","English","carrot",TRUE,"orange carrot",FALSE,"other",FALSE,NA,"Wed Mar 13 2019 08:24:47 GMT-0700 (Pacific Daylight Time)",1552490687465,1.12425,5,"887456424333079"
1,30,"Jessica",NA,"graduated_high_school",1552490754920,2,"male","orange_banana","English","orange banana",TRUE,"banana",FALSE,"other",FALSE,NA,"Wed Mar 13 2019 08:24:47 GMT-0700 (Pacific Daylight Time)",1552490687465,1.12425,6,"887456424333079"
1,30,"Jessica",NA,"graduated_high_school",1552490754920,2,"male","green_swan","English","swan",FALSE,"green swan",TRUE,"other",FALSE,NA,"Wed Mar 13 2019 08:24:47 GMT-0700 (Pacific Daylight Time)",1552490687465,1.12425,7,"887456424333079"
1,30,"Jessica",NA,"graduated_high_school",1552490754920,2,"male","orange_butterfly","English","orange butterfly",FALSE,"butterfly",TRUE,"other",FALSE,NA,"Wed Mar 13 2019 08:24:47 GMT-0700 (Pacific Daylight Time)",1552490687465,1.12425,8,"887456424333079"
1,30,"Jessica",NA,"graduated_high_school",1552490754920,2,"male","green_broccoli","English","green broccoli",FALSE,"broccoli",TRUE,"other",FALSE,NA,"Wed Mar 13 2019 08:24:47 GMT-0700 (Pacific Daylight Time)",1552490687465,1.12425,9,"887456424333079"
1,30,"Jessica",NA,"graduated_high_school",1552490754920,2,"male","black_feather","English","black feather",FALSE,"feather",TRUE,"other",FALSE,NA,"Wed Mar 13 2019 08:24:47 GMT-0700 (Pacific Daylight Time)",1552490687465,1.12425,10,"887456424333079"
1,30,"Jessica",NA,"graduated_high_school",1552490754920,2,"male","yellow_jacket","English","yellow jacket",TRUE,"jacket",FALSE,"other",FALSE,NA,"Wed Mar 13 2019 08:24:47 GMT-0700 (Pacific Daylight Time)",1552490687465,1.12425,11,"887456424333079"
1,30,"Jessica",NA,"graduated_high_school",1552490754920,2,"male","red_book","English","book",TRUE,"red book",FALSE,"other",FALSE,NA,"Wed Mar 13 2019 08:24:47 GMT-0700 (Pacific Daylight Time)",1552490687465,1.12425,12,"887456424333079"
1,30,"Jessica",NA,"graduated_high_school",1552490754920,2,"male","orange_mug","English","mug",FALSE,"orange mug",TRUE,"other",FALSE,NA,"Wed Mar 13 2019 08:24:47 GMT-0700 (Pacific Daylight Time)",1552490687465,1.12425,13,"887456424333079"
1,30,"Jessica",NA,"graduated_high_school",1552490754920,2,"male","white_carrot","English","carrot",FALSE,"white carrot",TRUE,"other",FALSE,NA,"Wed Mar 13 2019 08:24:47 GMT-0700 (Pacific Daylight Time)",1552490687465,1.12425,14,"887456424333079"
1,30,"Jessica",NA,"graduated_high_school",1552490754920,2,"male","blue_sponge","English","blue sponge",TRUE,"sponge",FALSE,"other",FALSE,NA,"Wed Mar 13 2019 08:24:47 GMT-0700 (Pacific Daylight Time)",1552490687465,1.12425,15,"887456424333079"
1,30,"Jessica",NA,"graduated_high_school",1552490754920,2,"male","red_bellpepper","English","bell pepper",FALSE,"red bell pepper",TRUE,"other",FALSE,NA,"Wed Mar 13 2019 08:24:47 GMT-0700 (Pacific Daylight Time)",1552490687465,1.12425,16,"887456424333079"
1,35,"Margaret",NA,"graduated_college",1552490243141,2,"female","yellow_jacket","English","yellow jacket",TRUE,"jacket",FALSE,"other",FALSE,NA,"Wed Mar 13 2019 10:14:04 GMT-0500 (Central Daylight Time)",1552490044156,3.31641666666667,1,"077989405655937"
1,35,"Margaret",NA,"graduated_college",1552490243141,2,"female","green_swan","English","green swan",TRUE,"swan",FALSE,"other",FALSE,NA,"Wed Mar 13 2019 10:14:04 GMT-0500 (Central Daylight Time)",1552490044156,3.31641666666667,2,"077989405655937"
1,35,"Margaret",NA,"graduated_college",1552490243141,2,"female","white_carrot","English","carrot",FALSE,"white carrot",TRUE,"other",FALSE,NA,"Wed Mar 13 2019 10:14:04 GMT-0500 (Central Daylight Time)",1552490044156,3.31641666666667,3,"077989405655937"
1,35,"Margaret",NA,"graduated_college",1552490243141,2,"female","blue_sponge","English","blue sponge",TRUE,"sponge",FALSE,"other",FALSE,NA,"Wed Mar 13 2019 10:14:04 GMT-0500 (Central Daylight Time)",1552490044156,3.31641666666667,4,"077989405655937"
1,35,"Margaret",NA,"graduated_college",1552490243141,2,"female","orange_mug","English","orange mug",FALSE,"mug",TRUE,"other",FALSE,NA,"Wed Mar 13 2019 10:14:04 GMT-0500 (Central Daylight Time)",1552490044156,3.31641666666667,5,"077989405655937"
1,35,"Margaret",NA,"graduated_college",1552490243141,2,"female","yellow_banana","English","yellow banana",FALSE,"banana",TRUE,"other",FALSE,NA,"Wed Mar 13 2019 10:14:04 GMT-0500 (Central Daylight Time)",1552490044156,3.31641666666667,6,"077989405655937"
1,35,"Margaret",NA,"graduated_college",1552490243141,2,"female","orange_butterfly","English","orange butterfly",FALSE,"butterfly",TRUE,"other",FALSE,NA,"Wed Mar 13 2019 10:14:04 GMT-0500 (Central Daylight Time)",1552490044156,3.31641666666667,7,"077989405655937"
1,35,"Margaret",NA,"graduated_college",1552490243141,2,"female","green_broccoli","English","green broccoli",FALSE,"broccoli",TRUE,"other",FALSE,NA,"Wed Mar 13 2019 10:14:04 GMT-0500 (Central Daylight Time)",1552490044156,3.31641666666667,8,"077989405655937"
1,35,"Margaret",NA,"graduated_college",1552490243141,2,"female","orange_banana","English","banana",FALSE,"orange banana",TRUE,"other",FALSE,NA,"Wed Mar 13 2019 10:14:04 GMT-0500 (Central Daylight Time)",1552490044156,3.31641666666667,9,"077989405655937"
1,35,"Margaret",NA,"graduated_college",1552490243141,2,"female","orange_carrot","English","carrot",TRUE,"orange carrot",FALSE,"other",FALSE,NA,"Wed Mar 13 2019 10:14:04 GMT-0500 (Central Daylight Time)",1552490044156,3.31641666666667,10,"077989405655937"
1,35,"Margaret",NA,"graduated_college",1552490243141,2,"female","black_feather","English","feather",FALSE,"black feather",TRUE,"other",FALSE,NA,"Wed Mar 13 2019 10:14:04 GMT-0500 (Central Daylight Time)",1552490044156,3.31641666666667,11,"077989405655937"
1,35,"Margaret",NA,"graduated_college",1552490243141,2,"female","green_scissors","English","scissors",TRUE,"green scissors",FALSE,"other",FALSE,NA,"Wed Mar 13 2019 10:14:04 GMT-0500 (Central Daylight Time)",1552490044156,3.31641666666667,12,"077989405655937"
1,35,"Margaret",NA,"graduated_college",1552490243141,2,"female","white_swan","English","swan",TRUE,"white swan",FALSE,"other",FALSE,NA,"Wed Mar 13 2019 10:14:04 GMT-0500 (Central Daylight Time)",1552490044156,3.31641666666667,13,"077989405655937"
1,35,"Margaret",NA,"graduated_college",1552490243141,2,"female","red_broccoli","English","red broccoli",TRUE,"broccoli",FALSE,"other",FALSE,NA,"Wed Mar 13 2019 10:14:04 GMT-0500 (Central Daylight Time)",1552490044156,3.31641666666667,14,"077989405655937"
1,35,"Margaret",NA,"graduated_college",1552490243141,2,"female","red_book","English","red book",FALSE,"book",TRUE,"other",FALSE,NA,"Wed Mar 13 2019 10:14:04 GMT-0500 (Central Daylight Time)",1552490044156,3.31641666666667,15,"077989405655937"
1,35,"Margaret",NA,"graduated_college",1552490243141,2,"female","red_bellpepper","English","bell pepper",TRUE,"red bell pepper",FALSE,"other",FALSE,NA,"Wed Mar 13 2019 10:14:04 GMT-0500 (Central Daylight Time)",1552490044156,3.31641666666667,16,"077989405655937"
1,23,"jessica","TEST","higher_degree",1552458558583,2,"female","green_broccoli","German","broccoli",TRUE,"green broccoli",FALSE,"other",FALSE,NA,"Tue Mar 12 2019 23:27:49 GMT-0700 (Pacific Daylight Time)",1552458469487,1.48493333333333,1,"297984919471970"
1,23,"jessica","TEST","higher_degree",1552458558583,2,"female","yellow_jacket","German","jacket",TRUE,"yellow jacket",FALSE,"other",FALSE,NA,"Tue Mar 12 2019 23:27:49 GMT-0700 (Pacific Daylight Time)",1552458469487,1.48493333333333,2,"297984919471970"
1,23,"jessica","TEST","higher_degree",1552458558583,2,"female","red_broccoli","German","broccoli",FALSE,"red broccoli",TRUE,"other",FALSE,NA,"Tue Mar 12 2019 23:27:49 GMT-0700 (Pacific Daylight Time)",1552458469487,1.48493333333333,3,"297984919471970"
1,23,"jessica","TEST","higher_degree",1552458558583,2,"female","green_swan","German","green swan",TRUE,"swan",FALSE,"other",FALSE,NA,"Tue Mar 12 2019 23:27:49 GMT-0700 (Pacific Daylight Time)",1552458469487,1.48493333333333,4,"297984919471970"
1,23,"jessica","TEST","higher_degree",1552458558583,2,"female","blue_sponge","German","sponge",FALSE,"blue sponge",FALSE,"other",TRUE,"purple sponge","Tue Mar 12 2019 23:27:49 GMT-0700 (Pacific Daylight Time)",1552458469487,1.48493333333333,5,"297984919471970"
1,23,"jessica","TEST","higher_degree",1552458558583,2,"female","orange_banana","German","orange banana",TRUE,"banana",FALSE,"other",FALSE,NA,"Tue Mar 12 2019 23:27:49 GMT-0700 (Pacific Daylight Time)",1552458469487,1.48493333333333,6,"297984919471970"
1,23,"jessica","TEST","higher_degree",1552458558583,2,"female","orange_mug","German","mug",FALSE,"orange mug",TRUE,"other",FALSE,NA,"Tue Mar 12 2019 23:27:49 GMT-0700 (Pacific Daylight Time)",1552458469487,1.48493333333333,7,"297984919471970"
1,23,"jessica","TEST","higher_degree",1552458558583,2,"female","red_book","German","book",FALSE,"red book",TRUE,"other",FALSE,NA,"Tue Mar 12 2019 23:27:49 GMT-0700 (Pacific Daylight Time)",1552458469487,1.48493333333333,8,"297984919471970"
1,23,"jessica","TEST","higher_degree",1552458558583,2,"female","orange_carrot","German","orange carrot",TRUE,"carrot",FALSE,"other",FALSE,NA,"Tue Mar 12 2019 23:27:49 GMT-0700 (Pacific Daylight Time)",1552458469487,1.48493333333333,9,"297984919471970"
1,23,"jessica","TEST","higher_degree",1552458558583,2,"female","black_feather","German","black feather",TRUE,"feather",FALSE,"other",FALSE,NA,"Tue Mar 12 2019 23:27:49 GMT-0700 (Pacific Daylight Time)",1552458469487,1.48493333333333,10,"297984919471970"
1,23,"jessica","TEST","higher_degree",1552458558583,2,"female","white_swan","German","swan",FALSE,"white swan",TRUE,"other",FALSE,NA,"Tue Mar 12 2019 23:27:49 GMT-0700 (Pacific Daylight Time)",1552458469487,1.48493333333333,11,"297984919471970"
1,23,"jessica","TEST","higher_degree",1552458558583,2,"female","green_scissors","German","green scissors",FALSE,"scissors",TRUE,"other",FALSE,NA,"Tue Mar 12 2019 23:27:49 GMT-0700 (Pacific Daylight Time)",1552458469487,1.48493333333333,12,"297984919471970"
1,23,"jessica","TEST","higher_degree",1552458558583,2,"female","yellow_banana","German","yellow banana",FALSE,"banana",TRUE,"other",FALSE,NA,"Tue Mar 12 2019 23:27:49 GMT-0700 (Pacific Daylight Time)",1552458469487,1.48493333333333,13,"297984919471970"
1,23,"jessica","TEST","higher_degree",1552458558583,2,"female","white_carrot","German","white carrot",TRUE,"carrot",FALSE,"other",FALSE,NA,"Tue Mar 12 2019 23:27:49 GMT-0700 (Pacific Daylight Time)",1552458469487,1.48493333333333,14,"297984919471970"
1,23,"jessica","TEST","higher_degree",1552458558583,2,"female","red_bellpepper","German","bell pepper",FALSE,"red bell pepper",TRUE,"other",FALSE,NA,"Tue Mar 12 2019 23:27:49 GMT-0700 (Pacific Daylight Time)",1552458469487,1.48493333333333,15,"297984919471970"
1,23,"jessica","TEST","higher_degree",1552458558583,2,"female","orange_butterfly","German","butterfly",FALSE,"orange butterfly",TRUE,"other",FALSE,NA,"Tue Mar 12 2019 23:27:49 GMT-0700 (Pacific Daylight Time)",1552458469487,1.48493333333333,16,"297984919471970"
