"HitCorrect","age","botresponse","comments","education","endTime","enjoyment","gender","item","languages","refexp","startDate","startTime","timeSpent","trial_number","anon_worker_id"
1,28,"Mary","Nice Task and thanks for the Opportunity","higher_degree",1552500310792,2,"female","blue_sponge","Englsh","Sponge","Wed Mar 13 2019 12:59:29 GMT-0500 (Central Daylight Time)",1552499969710,5.6847,1,"134465421801589"
1,28,"Mary","Nice Task and thanks for the Opportunity","higher_degree",1552500310792,2,"female","white_swan","Englsh","Duck","Wed Mar 13 2019 12:59:29 GMT-0500 (Central Daylight Time)",1552499969710,5.6847,2,"134465421801589"
1,28,"Mary","Nice Task and thanks for the Opportunity","higher_degree",1552500310792,2,"female","white_carrot","Englsh","Carrot","Wed Mar 13 2019 12:59:29 GMT-0500 (Central Daylight Time)",1552499969710,5.6847,3,"134465421801589"
1,28,"Mary","Nice Task and thanks for the Opportunity","higher_degree",1552500310792,2,"female","yellow_jacket","Englsh","Shirt","Wed Mar 13 2019 12:59:29 GMT-0500 (Central Daylight Time)",1552499969710,5.6847,4,"134465421801589"
1,28,"Mary","Nice Task and thanks for the Opportunity","higher_degree",1552500310792,2,"female","orange_butterfly","Englsh","Butterfly","Wed Mar 13 2019 12:59:29 GMT-0500 (Central Daylight Time)",1552499969710,5.6847,5,"134465421801589"
1,28,"Mary","Nice Task and thanks for the Opportunity","higher_degree",1552500310792,2,"female","green_swan","Englsh","Duck","Wed Mar 13 2019 12:59:29 GMT-0500 (Central Daylight Time)",1552499969710,5.6847,6,"134465421801589"
1,28,"Mary","Nice Task and thanks for the Opportunity","higher_degree",1552500310792,2,"female","orange_mug","Englsh","Cup","Wed Mar 13 2019 12:59:29 GMT-0500 (Central Daylight Time)",1552499969710,5.6847,7,"134465421801589"
1,28,"Mary","Nice Task and thanks for the Opportunity","higher_degree",1552500310792,2,"female","yellow_banana","Englsh","Banana","Wed Mar 13 2019 12:59:29 GMT-0500 (Central Daylight Time)",1552499969710,5.6847,8,"134465421801589"
1,28,"Mary","Nice Task and thanks for the Opportunity","higher_degree",1552500310792,2,"female","green_broccoli","Englsh","Broccoli","Wed Mar 13 2019 12:59:29 GMT-0500 (Central Daylight Time)",1552499969710,5.6847,9,"134465421801589"
1,28,"Mary","Nice Task and thanks for the Opportunity","higher_degree",1552500310792,2,"female","red_book","Englsh","Book","Wed Mar 13 2019 12:59:29 GMT-0500 (Central Daylight Time)",1552499969710,5.6847,10,"134465421801589"
1,28,"Mary","Nice Task and thanks for the Opportunity","higher_degree",1552500310792,2,"female","red_broccoli","Englsh","Broccoli","Wed Mar 13 2019 12:59:29 GMT-0500 (Central Daylight Time)",1552499969710,5.6847,11,"134465421801589"
1,28,"Mary","Nice Task and thanks for the Opportunity","higher_degree",1552500310792,2,"female","green_scissors","Englsh","Scissor","Wed Mar 13 2019 12:59:29 GMT-0500 (Central Daylight Time)",1552499969710,5.6847,12,"134465421801589"
1,28,"Mary","Nice Task and thanks for the Opportunity","higher_degree",1552500310792,2,"female","orange_banana","Englsh","Banana","Wed Mar 13 2019 12:59:29 GMT-0500 (Central Daylight Time)",1552499969710,5.6847,13,"134465421801589"
1,28,"Mary","Nice Task and thanks for the Opportunity","higher_degree",1552500310792,2,"female","red_bellpepper","Englsh","Capsicum","Wed Mar 13 2019 12:59:29 GMT-0500 (Central Daylight Time)",1552499969710,5.6847,14,"134465421801589"
1,28,"Mary","Nice Task and thanks for the Opportunity","higher_degree",1552500310792,2,"female","black_feather","Englsh","Feather","Wed Mar 13 2019 12:59:29 GMT-0500 (Central Daylight Time)",1552499969710,5.6847,15,"134465421801589"
1,28,"Mary","Nice Task and thanks for the Opportunity","higher_degree",1552500310792,2,"female","orange_carrot","Englsh","Carrot","Wed Mar 13 2019 12:59:29 GMT-0500 (Central Daylight Time)",1552499969710,5.6847,16,"134465421801589"
1,37,"Elizabeth",NA,"some_college",1552499494876,2,"male","red_broccoli","English","broccoli","Wed Mar 13 2019 18:49:59 GMT+0100 (Central European Standard Time)",1552499399891,1.58308333333333,1,"558505452442667"
1,37,"Elizabeth",NA,"some_college",1552499494876,2,"male","green_broccoli","English","broccoli","Wed Mar 13 2019 18:49:59 GMT+0100 (Central European Standard Time)",1552499399891,1.58308333333333,2,"558505452442667"
1,37,"Elizabeth",NA,"some_college",1552499494876,2,"male","green_scissors","English","scissors","Wed Mar 13 2019 18:49:59 GMT+0100 (Central European Standard Time)",1552499399891,1.58308333333333,3,"558505452442667"
1,37,"Elizabeth",NA,"some_college",1552499494876,2,"male","yellow_banana","English","banana","Wed Mar 13 2019 18:49:59 GMT+0100 (Central European Standard Time)",1552499399891,1.58308333333333,4,"558505452442667"
1,37,"Elizabeth",NA,"some_college",1552499494876,2,"male","white_carrot","English","carrot","Wed Mar 13 2019 18:49:59 GMT+0100 (Central European Standard Time)",1552499399891,1.58308333333333,5,"558505452442667"
1,37,"Elizabeth",NA,"some_college",1552499494876,2,"male","orange_banana","English","banana","Wed Mar 13 2019 18:49:59 GMT+0100 (Central European Standard Time)",1552499399891,1.58308333333333,6,"558505452442667"
1,37,"Elizabeth",NA,"some_college",1552499494876,2,"male","black_feather","English","feather","Wed Mar 13 2019 18:49:59 GMT+0100 (Central European Standard Time)",1552499399891,1.58308333333333,7,"558505452442667"
1,37,"Elizabeth",NA,"some_college",1552499494876,2,"male","green_swan","English","swan","Wed Mar 13 2019 18:49:59 GMT+0100 (Central European Standard Time)",1552499399891,1.58308333333333,8,"558505452442667"
1,37,"Elizabeth",NA,"some_college",1552499494876,2,"male","white_swan","English","swan","Wed Mar 13 2019 18:49:59 GMT+0100 (Central European Standard Time)",1552499399891,1.58308333333333,9,"558505452442667"
1,37,"Elizabeth",NA,"some_college",1552499494876,2,"male","orange_butterfly","English","butterfly","Wed Mar 13 2019 18:49:59 GMT+0100 (Central European Standard Time)",1552499399891,1.58308333333333,10,"558505452442667"
1,37,"Elizabeth",NA,"some_college",1552499494876,2,"male","yellow_jacket","English","jacket","Wed Mar 13 2019 18:49:59 GMT+0100 (Central European Standard Time)",1552499399891,1.58308333333333,11,"558505452442667"
1,37,"Elizabeth",NA,"some_college",1552499494876,2,"male","orange_mug","English","mug","Wed Mar 13 2019 18:49:59 GMT+0100 (Central European Standard Time)",1552499399891,1.58308333333333,12,"558505452442667"
1,37,"Elizabeth",NA,"some_college",1552499494876,2,"male","orange_carrot","English","carrot","Wed Mar 13 2019 18:49:59 GMT+0100 (Central European Standard Time)",1552499399891,1.58308333333333,13,"558505452442667"
1,37,"Elizabeth",NA,"some_college",1552499494876,2,"male","blue_sponge","English","sponge","Wed Mar 13 2019 18:49:59 GMT+0100 (Central European Standard Time)",1552499399891,1.58308333333333,14,"558505452442667"
1,37,"Elizabeth",NA,"some_college",1552499494876,2,"male","red_book","English","book","Wed Mar 13 2019 18:49:59 GMT+0100 (Central European Standard Time)",1552499399891,1.58308333333333,15,"558505452442667"
1,37,"Elizabeth",NA,"some_college",1552499494876,2,"male","red_bellpepper","English","pepper","Wed Mar 13 2019 18:49:59 GMT+0100 (Central European Standard Time)",1552499399891,1.58308333333333,16,"558505452442667"
1,28,"Linda",NA,"graduated_college",1552495887575,2,"male","red_book","English","book","Wed Mar 13 2019 11:49:15 GMT-0500 (Central Daylight Time)",1552495755366,2.20348333333333,1,"567999051325275"
1,28,"Linda",NA,"graduated_college",1552495887575,2,"male","orange_carrot","English","carrot","Wed Mar 13 2019 11:49:15 GMT-0500 (Central Daylight Time)",1552495755366,2.20348333333333,2,"567999051325275"
1,28,"Linda",NA,"graduated_college",1552495887575,2,"male","white_swan","English","swan","Wed Mar 13 2019 11:49:15 GMT-0500 (Central Daylight Time)",1552495755366,2.20348333333333,3,"567999051325275"
1,28,"Linda",NA,"graduated_college",1552495887575,2,"male","orange_mug","English","cup","Wed Mar 13 2019 11:49:15 GMT-0500 (Central Daylight Time)",1552495755366,2.20348333333333,4,"567999051325275"
1,28,"Linda",NA,"graduated_college",1552495887575,2,"male","orange_butterfly","English","butterfly","Wed Mar 13 2019 11:49:15 GMT-0500 (Central Daylight Time)",1552495755366,2.20348333333333,5,"567999051325275"
1,28,"Linda",NA,"graduated_college",1552495887575,2,"male","blue_sponge","English","sponge","Wed Mar 13 2019 11:49:15 GMT-0500 (Central Daylight Time)",1552495755366,2.20348333333333,6,"567999051325275"
1,28,"Linda",NA,"graduated_college",1552495887575,2,"male","orange_banana","English","banana","Wed Mar 13 2019 11:49:15 GMT-0500 (Central Daylight Time)",1552495755366,2.20348333333333,7,"567999051325275"
1,28,"Linda",NA,"graduated_college",1552495887575,2,"male","yellow_banana","English","banana","Wed Mar 13 2019 11:49:15 GMT-0500 (Central Daylight Time)",1552495755366,2.20348333333333,8,"567999051325275"
1,28,"Linda",NA,"graduated_college",1552495887575,2,"male","yellow_jacket","English","jacket","Wed Mar 13 2019 11:49:15 GMT-0500 (Central Daylight Time)",1552495755366,2.20348333333333,9,"567999051325275"
1,28,"Linda",NA,"graduated_college",1552495887575,2,"male","black_feather","English","feather","Wed Mar 13 2019 11:49:15 GMT-0500 (Central Daylight Time)",1552495755366,2.20348333333333,10,"567999051325275"
1,28,"Linda",NA,"graduated_college",1552495887575,2,"male","green_broccoli","English","broccoli","Wed Mar 13 2019 11:49:15 GMT-0500 (Central Daylight Time)",1552495755366,2.20348333333333,11,"567999051325275"
1,28,"Linda",NA,"graduated_college",1552495887575,2,"male","green_scissors","English","scissors","Wed Mar 13 2019 11:49:15 GMT-0500 (Central Daylight Time)",1552495755366,2.20348333333333,12,"567999051325275"
1,28,"Linda",NA,"graduated_college",1552495887575,2,"male","red_broccoli","English","broccoli","Wed Mar 13 2019 11:49:15 GMT-0500 (Central Daylight Time)",1552495755366,2.20348333333333,13,"567999051325275"
1,28,"Linda",NA,"graduated_college",1552495887575,2,"male","green_swan","English","swan","Wed Mar 13 2019 11:49:15 GMT-0500 (Central Daylight Time)",1552495755366,2.20348333333333,14,"567999051325275"
1,28,"Linda",NA,"graduated_college",1552495887575,2,"male","white_carrot","English","carrot","Wed Mar 13 2019 11:49:15 GMT-0500 (Central Daylight Time)",1552495755366,2.20348333333333,15,"567999051325275"
1,28,"Linda",NA,"graduated_college",1552495887575,2,"male","red_bellpepper","English","pepper","Wed Mar 13 2019 11:49:15 GMT-0500 (Central Daylight Time)",1552495755366,2.20348333333333,16,"567999051325275"
1,25,"Linda",NA,"some_college",1552495114607,1,"male","red_book","Englis","book","Wed Mar 13 2019 12:36:07 GMT-0400 (Eastern Daylight Time)",1552494967183,2.45706666666667,1,"924547324005047"
1,25,"Linda",NA,"some_college",1552495114607,1,"male","yellow_jacket","Englis","coat","Wed Mar 13 2019 12:36:07 GMT-0400 (Eastern Daylight Time)",1552494967183,2.45706666666667,2,"924547324005047"
1,25,"Linda",NA,"some_college",1552495114607,1,"male","green_swan","Englis","swan","Wed Mar 13 2019 12:36:07 GMT-0400 (Eastern Daylight Time)",1552494967183,2.45706666666667,3,"924547324005047"
1,25,"Linda",NA,"some_college",1552495114607,1,"male","green_broccoli","Englis","broccoli","Wed Mar 13 2019 12:36:07 GMT-0400 (Eastern Daylight Time)",1552494967183,2.45706666666667,4,"924547324005047"
1,25,"Linda",NA,"some_college",1552495114607,1,"male","black_feather","Englis","feather","Wed Mar 13 2019 12:36:07 GMT-0400 (Eastern Daylight Time)",1552494967183,2.45706666666667,5,"924547324005047"
1,25,"Linda",NA,"some_college",1552495114607,1,"male","white_swan","Englis","swan","Wed Mar 13 2019 12:36:07 GMT-0400 (Eastern Daylight Time)",1552494967183,2.45706666666667,6,"924547324005047"
1,25,"Linda",NA,"some_college",1552495114607,1,"male","red_bellpepper","Englis","pepper","Wed Mar 13 2019 12:36:07 GMT-0400 (Eastern Daylight Time)",1552494967183,2.45706666666667,7,"924547324005047"
1,25,"Linda",NA,"some_college",1552495114607,1,"male","green_scissors","Englis","scissors","Wed Mar 13 2019 12:36:07 GMT-0400 (Eastern Daylight Time)",1552494967183,2.45706666666667,8,"924547324005047"
1,25,"Linda",NA,"some_college",1552495114607,1,"male","blue_sponge","Englis","sponge","Wed Mar 13 2019 12:36:07 GMT-0400 (Eastern Daylight Time)",1552494967183,2.45706666666667,9,"924547324005047"
1,25,"Linda",NA,"some_college",1552495114607,1,"male","orange_carrot","Englis","carrot","Wed Mar 13 2019 12:36:07 GMT-0400 (Eastern Daylight Time)",1552494967183,2.45706666666667,10,"924547324005047"
1,25,"Linda",NA,"some_college",1552495114607,1,"male","orange_butterfly","Englis","butterfly","Wed Mar 13 2019 12:36:07 GMT-0400 (Eastern Daylight Time)",1552494967183,2.45706666666667,11,"924547324005047"
1,25,"Linda",NA,"some_college",1552495114607,1,"male","orange_banana","Englis","banana","Wed Mar 13 2019 12:36:07 GMT-0400 (Eastern Daylight Time)",1552494967183,2.45706666666667,12,"924547324005047"
1,25,"Linda",NA,"some_college",1552495114607,1,"male","yellow_banana","Englis","banana","Wed Mar 13 2019 12:36:07 GMT-0400 (Eastern Daylight Time)",1552494967183,2.45706666666667,13,"924547324005047"
1,25,"Linda",NA,"some_college",1552495114607,1,"male","red_broccoli","Englis","broccoli","Wed Mar 13 2019 12:36:07 GMT-0400 (Eastern Daylight Time)",1552494967183,2.45706666666667,14,"924547324005047"
1,25,"Linda",NA,"some_college",1552495114607,1,"male","orange_mug","Englis","mug","Wed Mar 13 2019 12:36:07 GMT-0400 (Eastern Daylight Time)",1552494967183,2.45706666666667,15,"924547324005047"
1,25,"Linda",NA,"some_college",1552495114607,1,"male","white_carrot","Englis","carrot","Wed Mar 13 2019 12:36:07 GMT-0400 (Eastern Daylight Time)",1552494967183,2.45706666666667,16,"924547324005047"
1,26,"Margaret","None, thank you for the hit! This was actually kind of fun.","graduated_college",1552494167257,2,"male","green_swan","english","green goose","Wed Mar 13 2019 12:20:37 GMT-0400 (Eastern Daylight Time)",1552494037838,2.15698333333333,1,"980984391572976"
1,26,"Margaret","None, thank you for the hit! This was actually kind of fun.","graduated_college",1552494167257,2,"male","white_swan","english","white goose","Wed Mar 13 2019 12:20:37 GMT-0400 (Eastern Daylight Time)",1552494037838,2.15698333333333,2,"980984391572976"
1,26,"Margaret","None, thank you for the hit! This was actually kind of fun.","graduated_college",1552494167257,2,"male","orange_carrot","english","carrot","Wed Mar 13 2019 12:20:37 GMT-0400 (Eastern Daylight Time)",1552494037838,2.15698333333333,3,"980984391572976"
1,26,"Margaret","None, thank you for the hit! This was actually kind of fun.","graduated_college",1552494167257,2,"male","orange_banana","english","orange banana","Wed Mar 13 2019 12:20:37 GMT-0400 (Eastern Daylight Time)",1552494037838,2.15698333333333,4,"980984391572976"
1,26,"Margaret","None, thank you for the hit! This was actually kind of fun.","graduated_college",1552494167257,2,"male","orange_butterfly","english","monarch butterfly","Wed Mar 13 2019 12:20:37 GMT-0400 (Eastern Daylight Time)",1552494037838,2.15698333333333,5,"980984391572976"
1,26,"Margaret","None, thank you for the hit! This was actually kind of fun.","graduated_college",1552494167257,2,"male","blue_sponge","english","sponge","Wed Mar 13 2019 12:20:37 GMT-0400 (Eastern Daylight Time)",1552494037838,2.15698333333333,6,"980984391572976"
1,26,"Margaret","None, thank you for the hit! This was actually kind of fun.","graduated_college",1552494167257,2,"male","green_broccoli","english","broccoli","Wed Mar 13 2019 12:20:37 GMT-0400 (Eastern Daylight Time)",1552494037838,2.15698333333333,7,"980984391572976"
1,26,"Margaret","None, thank you for the hit! This was actually kind of fun.","graduated_college",1552494167257,2,"male","yellow_banana","english","banana","Wed Mar 13 2019 12:20:37 GMT-0400 (Eastern Daylight Time)",1552494037838,2.15698333333333,8,"980984391572976"
1,26,"Margaret","None, thank you for the hit! This was actually kind of fun.","graduated_college",1552494167257,2,"male","yellow_jacket","english","jacket","Wed Mar 13 2019 12:20:37 GMT-0400 (Eastern Daylight Time)",1552494037838,2.15698333333333,9,"980984391572976"
1,26,"Margaret","None, thank you for the hit! This was actually kind of fun.","graduated_college",1552494167257,2,"male","red_book","english","book","Wed Mar 13 2019 12:20:37 GMT-0400 (Eastern Daylight Time)",1552494037838,2.15698333333333,10,"980984391572976"
1,26,"Margaret","None, thank you for the hit! This was actually kind of fun.","graduated_college",1552494167257,2,"male","black_feather","english","feather","Wed Mar 13 2019 12:20:37 GMT-0400 (Eastern Daylight Time)",1552494037838,2.15698333333333,11,"980984391572976"
1,26,"Margaret","None, thank you for the hit! This was actually kind of fun.","graduated_college",1552494167257,2,"male","orange_mug","english","cup","Wed Mar 13 2019 12:20:37 GMT-0400 (Eastern Daylight Time)",1552494037838,2.15698333333333,12,"980984391572976"
1,26,"Margaret","None, thank you for the hit! This was actually kind of fun.","graduated_college",1552494167257,2,"male","white_carrot","english","white carrot","Wed Mar 13 2019 12:20:37 GMT-0400 (Eastern Daylight Time)",1552494037838,2.15698333333333,13,"980984391572976"
1,26,"Margaret","None, thank you for the hit! This was actually kind of fun.","graduated_college",1552494167257,2,"male","red_bellpepper","english","pepper","Wed Mar 13 2019 12:20:37 GMT-0400 (Eastern Daylight Time)",1552494037838,2.15698333333333,14,"980984391572976"
1,26,"Margaret","None, thank you for the hit! This was actually kind of fun.","graduated_college",1552494167257,2,"male","green_scissors","english","scissors","Wed Mar 13 2019 12:20:37 GMT-0400 (Eastern Daylight Time)",1552494037838,2.15698333333333,15,"980984391572976"
1,26,"Margaret","None, thank you for the hit! This was actually kind of fun.","graduated_college",1552494167257,2,"male","red_broccoli","english","red broccoli","Wed Mar 13 2019 12:20:37 GMT-0400 (Eastern Daylight Time)",1552494037838,2.15698333333333,16,"980984391572976"
1,35,"Elizabeth",NA,"some_college",1552494070556,2,"male","green_scissors","English","scissors","Wed Mar 13 2019 12:07:51 GMT-0400 (Eastern Daylight Time)",1552493271722,13.3139,1,"999312738932080"
1,35,"Elizabeth",NA,"some_college",1552494070556,2,"male","blue_sponge","English","sponge","Wed Mar 13 2019 12:07:51 GMT-0400 (Eastern Daylight Time)",1552493271722,13.3139,2,"999312738932080"
1,35,"Elizabeth",NA,"some_college",1552494070556,2,"male","green_broccoli","English","broccoli","Wed Mar 13 2019 12:07:51 GMT-0400 (Eastern Daylight Time)",1552493271722,13.3139,3,"999312738932080"
1,35,"Elizabeth",NA,"some_college",1552494070556,2,"male","red_bellpepper","English","red bell pepper","Wed Mar 13 2019 12:07:51 GMT-0400 (Eastern Daylight Time)",1552493271722,13.3139,4,"999312738932080"
1,35,"Elizabeth",NA,"some_college",1552494070556,2,"male","green_swan","English","swan","Wed Mar 13 2019 12:07:51 GMT-0400 (Eastern Daylight Time)",1552493271722,13.3139,5,"999312738932080"
1,35,"Elizabeth",NA,"some_college",1552494070556,2,"male","yellow_jacket","English","rain coat","Wed Mar 13 2019 12:07:51 GMT-0400 (Eastern Daylight Time)",1552493271722,13.3139,6,"999312738932080"
1,35,"Elizabeth",NA,"some_college",1552494070556,2,"male","red_broccoli","English","broccoli","Wed Mar 13 2019 12:07:51 GMT-0400 (Eastern Daylight Time)",1552493271722,13.3139,7,"999312738932080"
1,35,"Elizabeth",NA,"some_college",1552494070556,2,"male","orange_banana","English","banana","Wed Mar 13 2019 12:07:51 GMT-0400 (Eastern Daylight Time)",1552493271722,13.3139,8,"999312738932080"
1,35,"Elizabeth",NA,"some_college",1552494070556,2,"male","yellow_banana","English","banana","Wed Mar 13 2019 12:07:51 GMT-0400 (Eastern Daylight Time)",1552493271722,13.3139,9,"999312738932080"
1,35,"Elizabeth",NA,"some_college",1552494070556,2,"male","red_book","English","book","Wed Mar 13 2019 12:07:51 GMT-0400 (Eastern Daylight Time)",1552493271722,13.3139,10,"999312738932080"
1,35,"Elizabeth",NA,"some_college",1552494070556,2,"male","orange_mug","English","mug","Wed Mar 13 2019 12:07:51 GMT-0400 (Eastern Daylight Time)",1552493271722,13.3139,11,"999312738932080"
1,35,"Elizabeth",NA,"some_college",1552494070556,2,"male","white_swan","English","swan","Wed Mar 13 2019 12:07:51 GMT-0400 (Eastern Daylight Time)",1552493271722,13.3139,12,"999312738932080"
1,35,"Elizabeth",NA,"some_college",1552494070556,2,"male","white_carrot","English","carrot","Wed Mar 13 2019 12:07:51 GMT-0400 (Eastern Daylight Time)",1552493271722,13.3139,13,"999312738932080"
1,35,"Elizabeth",NA,"some_college",1552494070556,2,"male","orange_carrot","English","carrot","Wed Mar 13 2019 12:07:51 GMT-0400 (Eastern Daylight Time)",1552493271722,13.3139,14,"999312738932080"
1,35,"Elizabeth",NA,"some_college",1552494070556,2,"male","black_feather","English","feahter","Wed Mar 13 2019 12:07:51 GMT-0400 (Eastern Daylight Time)",1552493271722,13.3139,15,"999312738932080"
1,35,"Elizabeth",NA,"some_college",1552494070556,2,"male","orange_butterfly","English","butterfly","Wed Mar 13 2019 12:07:51 GMT-0400 (Eastern Daylight Time)",1552493271722,13.3139,16,"999312738932080"
1,38,"Mary","It was fun but the question about if I think I understood it correctly has me a tad worried.","some_college",1552493966129,2,"female","green_broccoli","English","broccoli","Wed Mar 13 2019 12:17:37 GMT-0400 (Eastern Daylight Time)",1552493857321,1.81346666666667,1,"657609865496833"
1,38,"Mary","It was fun but the question about if I think I understood it correctly has me a tad worried.","some_college",1552493966129,2,"female","red_broccoli","English","broccoli","Wed Mar 13 2019 12:17:37 GMT-0400 (Eastern Daylight Time)",1552493857321,1.81346666666667,2,"657609865496833"
1,38,"Mary","It was fun but the question about if I think I understood it correctly has me a tad worried.","some_college",1552493966129,2,"female","blue_sponge","English","sponge","Wed Mar 13 2019 12:17:37 GMT-0400 (Eastern Daylight Time)",1552493857321,1.81346666666667,3,"657609865496833"
1,38,"Mary","It was fun but the question about if I think I understood it correctly has me a tad worried.","some_college",1552493966129,2,"female","yellow_banana","English","banana","Wed Mar 13 2019 12:17:37 GMT-0400 (Eastern Daylight Time)",1552493857321,1.81346666666667,4,"657609865496833"
1,38,"Mary","It was fun but the question about if I think I understood it correctly has me a tad worried.","some_college",1552493966129,2,"female","red_bellpepper","English","bell pepper","Wed Mar 13 2019 12:17:37 GMT-0400 (Eastern Daylight Time)",1552493857321,1.81346666666667,5,"657609865496833"
1,38,"Mary","It was fun but the question about if I think I understood it correctly has me a tad worried.","some_college",1552493966129,2,"female","orange_butterfly","English","butterfly","Wed Mar 13 2019 12:17:37 GMT-0400 (Eastern Daylight Time)",1552493857321,1.81346666666667,6,"657609865496833"
1,38,"Mary","It was fun but the question about if I think I understood it correctly has me a tad worried.","some_college",1552493966129,2,"female","red_book","English","book","Wed Mar 13 2019 12:17:37 GMT-0400 (Eastern Daylight Time)",1552493857321,1.81346666666667,7,"657609865496833"
1,38,"Mary","It was fun but the question about if I think I understood it correctly has me a tad worried.","some_college",1552493966129,2,"female","green_scissors","English","scissors","Wed Mar 13 2019 12:17:37 GMT-0400 (Eastern Daylight Time)",1552493857321,1.81346666666667,8,"657609865496833"
1,38,"Mary","It was fun but the question about if I think I understood it correctly has me a tad worried.","some_college",1552493966129,2,"female","orange_banana","English","banana","Wed Mar 13 2019 12:17:37 GMT-0400 (Eastern Daylight Time)",1552493857321,1.81346666666667,9,"657609865496833"
1,38,"Mary","It was fun but the question about if I think I understood it correctly has me a tad worried.","some_college",1552493966129,2,"female","white_carrot","English","parsnip","Wed Mar 13 2019 12:17:37 GMT-0400 (Eastern Daylight Time)",1552493857321,1.81346666666667,10,"657609865496833"
1,38,"Mary","It was fun but the question about if I think I understood it correctly has me a tad worried.","some_college",1552493966129,2,"female","green_swan","English","swan","Wed Mar 13 2019 12:17:37 GMT-0400 (Eastern Daylight Time)",1552493857321,1.81346666666667,11,"657609865496833"
1,38,"Mary","It was fun but the question about if I think I understood it correctly has me a tad worried.","some_college",1552493966129,2,"female","orange_carrot","English","carrot","Wed Mar 13 2019 12:17:37 GMT-0400 (Eastern Daylight Time)",1552493857321,1.81346666666667,12,"657609865496833"
1,38,"Mary","It was fun but the question about if I think I understood it correctly has me a tad worried.","some_college",1552493966129,2,"female","orange_mug","English","mug","Wed Mar 13 2019 12:17:37 GMT-0400 (Eastern Daylight Time)",1552493857321,1.81346666666667,13,"657609865496833"
1,38,"Mary","It was fun but the question about if I think I understood it correctly has me a tad worried.","some_college",1552493966129,2,"female","yellow_jacket","English","raincoat","Wed Mar 13 2019 12:17:37 GMT-0400 (Eastern Daylight Time)",1552493857321,1.81346666666667,14,"657609865496833"
1,38,"Mary","It was fun but the question about if I think I understood it correctly has me a tad worried.","some_college",1552493966129,2,"female","black_feather","English","feather","Wed Mar 13 2019 12:17:37 GMT-0400 (Eastern Daylight Time)",1552493857321,1.81346666666667,15,"657609865496833"
1,38,"Mary","It was fun but the question about if I think I understood it correctly has me a tad worried.","some_college",1552493966129,2,"female","white_swan","English","swan","Wed Mar 13 2019 12:17:37 GMT-0400 (Eastern Daylight Time)",1552493857321,1.81346666666667,16,"657609865496833"
1,31,"Susan",NA,"some_college",1552493841003,1,"male","orange_butterfly","English","butterfly","Wed Mar 13 2019 11:29:16 GMT-0400 (Eastern Daylight Time)",1552490956236,48.07945,1,"286999865706714"
1,31,"Susan",NA,"some_college",1552493841003,1,"male","green_broccoli","English","broccoli","Wed Mar 13 2019 11:29:16 GMT-0400 (Eastern Daylight Time)",1552490956236,48.07945,2,"286999865706714"
1,31,"Susan",NA,"some_college",1552493841003,1,"male","black_feather","English","feather","Wed Mar 13 2019 11:29:16 GMT-0400 (Eastern Daylight Time)",1552490956236,48.07945,3,"286999865706714"
1,31,"Susan",NA,"some_college",1552493841003,1,"male","red_broccoli","English","red broccoli","Wed Mar 13 2019 11:29:16 GMT-0400 (Eastern Daylight Time)",1552490956236,48.07945,4,"286999865706714"
1,31,"Susan",NA,"some_college",1552493841003,1,"male","white_carrot","English","white carrot","Wed Mar 13 2019 11:29:16 GMT-0400 (Eastern Daylight Time)",1552490956236,48.07945,5,"286999865706714"
1,31,"Susan",NA,"some_college",1552493841003,1,"male","yellow_banana","English","banana","Wed Mar 13 2019 11:29:16 GMT-0400 (Eastern Daylight Time)",1552490956236,48.07945,6,"286999865706714"
1,31,"Susan",NA,"some_college",1552493841003,1,"male","red_book","English","book","Wed Mar 13 2019 11:29:16 GMT-0400 (Eastern Daylight Time)",1552490956236,48.07945,7,"286999865706714"
1,31,"Susan",NA,"some_college",1552493841003,1,"male","green_swan","English","green duck","Wed Mar 13 2019 11:29:16 GMT-0400 (Eastern Daylight Time)",1552490956236,48.07945,8,"286999865706714"
1,31,"Susan",NA,"some_college",1552493841003,1,"male","red_bellpepper","English","red bell pepper","Wed Mar 13 2019 11:29:16 GMT-0400 (Eastern Daylight Time)",1552490956236,48.07945,9,"286999865706714"
1,31,"Susan",NA,"some_college",1552493841003,1,"male","orange_carrot","English","carrot","Wed Mar 13 2019 11:29:16 GMT-0400 (Eastern Daylight Time)",1552490956236,48.07945,10,"286999865706714"
1,31,"Susan",NA,"some_college",1552493841003,1,"male","green_scissors","English","siccors","Wed Mar 13 2019 11:29:16 GMT-0400 (Eastern Daylight Time)",1552490956236,48.07945,11,"286999865706714"
1,31,"Susan",NA,"some_college",1552493841003,1,"male","white_swan","English","dove","Wed Mar 13 2019 11:29:16 GMT-0400 (Eastern Daylight Time)",1552490956236,48.07945,12,"286999865706714"
1,31,"Susan",NA,"some_college",1552493841003,1,"male","yellow_jacket","English","yellow jacket","Wed Mar 13 2019 11:29:16 GMT-0400 (Eastern Daylight Time)",1552490956236,48.07945,13,"286999865706714"
1,31,"Susan",NA,"some_college",1552493841003,1,"male","orange_mug","English","orange cup","Wed Mar 13 2019 11:29:16 GMT-0400 (Eastern Daylight Time)",1552490956236,48.07945,14,"286999865706714"
1,31,"Susan",NA,"some_college",1552493841003,1,"male","orange_banana","English","orange banana","Wed Mar 13 2019 11:29:16 GMT-0400 (Eastern Daylight Time)",1552490956236,48.07945,15,"286999865706714"
1,31,"Susan",NA,"some_college",1552493841003,1,"male","blue_sponge","English","sponge","Wed Mar 13 2019 11:29:16 GMT-0400 (Eastern Daylight Time)",1552490956236,48.07945,16,"286999865706714"
1,42,"Linda",NA,"graduated_high_school",1552493162384,2,"male","yellow_banana","English","banana","Wed Mar 13 2019 11:04:28 GMT-0500 (Central Daylight Time)",1552493068922,1.5577,1,"777694113908318"
1,42,"Linda",NA,"graduated_high_school",1552493162384,2,"male","red_broccoli","English","cauliflower","Wed Mar 13 2019 11:04:28 GMT-0500 (Central Daylight Time)",1552493068922,1.5577,2,"777694113908318"
1,42,"Linda",NA,"graduated_high_school",1552493162384,2,"male","green_scissors","English","scissors","Wed Mar 13 2019 11:04:28 GMT-0500 (Central Daylight Time)",1552493068922,1.5577,3,"777694113908318"
1,42,"Linda",NA,"graduated_high_school",1552493162384,2,"male","orange_butterfly","English","moth","Wed Mar 13 2019 11:04:28 GMT-0500 (Central Daylight Time)",1552493068922,1.5577,4,"777694113908318"
1,42,"Linda",NA,"graduated_high_school",1552493162384,2,"male","green_broccoli","English","broccoli","Wed Mar 13 2019 11:04:28 GMT-0500 (Central Daylight Time)",1552493068922,1.5577,5,"777694113908318"
1,42,"Linda",NA,"graduated_high_school",1552493162384,2,"male","white_swan","English","swan","Wed Mar 13 2019 11:04:28 GMT-0500 (Central Daylight Time)",1552493068922,1.5577,6,"777694113908318"
1,42,"Linda",NA,"graduated_high_school",1552493162384,2,"male","black_feather","English","feather","Wed Mar 13 2019 11:04:28 GMT-0500 (Central Daylight Time)",1552493068922,1.5577,7,"777694113908318"
1,42,"Linda",NA,"graduated_high_school",1552493162384,2,"male","green_swan","English","swan","Wed Mar 13 2019 11:04:28 GMT-0500 (Central Daylight Time)",1552493068922,1.5577,8,"777694113908318"
1,42,"Linda",NA,"graduated_high_school",1552493162384,2,"male","orange_mug","English","mug","Wed Mar 13 2019 11:04:28 GMT-0500 (Central Daylight Time)",1552493068922,1.5577,9,"777694113908318"
1,42,"Linda",NA,"graduated_high_school",1552493162384,2,"male","red_bellpepper","English","pepper","Wed Mar 13 2019 11:04:28 GMT-0500 (Central Daylight Time)",1552493068922,1.5577,10,"777694113908318"
1,42,"Linda",NA,"graduated_high_school",1552493162384,2,"male","orange_banana","English","banana","Wed Mar 13 2019 11:04:28 GMT-0500 (Central Daylight Time)",1552493068922,1.5577,11,"777694113908318"
1,42,"Linda",NA,"graduated_high_school",1552493162384,2,"male","yellow_jacket","English","coat","Wed Mar 13 2019 11:04:28 GMT-0500 (Central Daylight Time)",1552493068922,1.5577,12,"777694113908318"
1,42,"Linda",NA,"graduated_high_school",1552493162384,2,"male","red_book","English","book","Wed Mar 13 2019 11:04:28 GMT-0500 (Central Daylight Time)",1552493068922,1.5577,13,"777694113908318"
1,42,"Linda",NA,"graduated_high_school",1552493162384,2,"male","blue_sponge","English","sponge","Wed Mar 13 2019 11:04:28 GMT-0500 (Central Daylight Time)",1552493068922,1.5577,14,"777694113908318"
1,42,"Linda",NA,"graduated_high_school",1552493162384,2,"male","white_carrot","English","parsnip","Wed Mar 13 2019 11:04:28 GMT-0500 (Central Daylight Time)",1552493068922,1.5577,15,"777694113908318"
1,42,"Linda",NA,"graduated_high_school",1552493162384,2,"male","orange_carrot","English","carrot","Wed Mar 13 2019 11:04:28 GMT-0500 (Central Daylight Time)",1552493068922,1.5577,16,"777694113908318"
1,26,"Susan",NA,"graduated_high_school",1552492861260,2,"male","orange_mug","english","mug","Wed Mar 13 2019 10:57:46 GMT-0500 (Central Daylight Time)",1552492666819,3.24068333333333,1,"231903657833317"
1,26,"Susan",NA,"graduated_high_school",1552492861260,2,"male","orange_butterfly","english","butterfly","Wed Mar 13 2019 10:57:46 GMT-0500 (Central Daylight Time)",1552492666819,3.24068333333333,2,"231903657833317"
1,26,"Susan",NA,"graduated_high_school",1552492861260,2,"male","red_book","english","book","Wed Mar 13 2019 10:57:46 GMT-0500 (Central Daylight Time)",1552492666819,3.24068333333333,3,"231903657833317"
1,26,"Susan",NA,"graduated_high_school",1552492861260,2,"male","green_broccoli","english","broccoli","Wed Mar 13 2019 10:57:46 GMT-0500 (Central Daylight Time)",1552492666819,3.24068333333333,4,"231903657833317"
1,26,"Susan",NA,"graduated_high_school",1552492861260,2,"male","blue_sponge","english","sponge","Wed Mar 13 2019 10:57:46 GMT-0500 (Central Daylight Time)",1552492666819,3.24068333333333,5,"231903657833317"
1,26,"Susan",NA,"graduated_high_school",1552492861260,2,"male","green_scissors","english","scissors","Wed Mar 13 2019 10:57:46 GMT-0500 (Central Daylight Time)",1552492666819,3.24068333333333,6,"231903657833317"
1,26,"Susan",NA,"graduated_high_school",1552492861260,2,"male","red_bellpepper","english","pepper","Wed Mar 13 2019 10:57:46 GMT-0500 (Central Daylight Time)",1552492666819,3.24068333333333,7,"231903657833317"
1,26,"Susan",NA,"graduated_high_school",1552492861260,2,"male","orange_banana","english","banana","Wed Mar 13 2019 10:57:46 GMT-0500 (Central Daylight Time)",1552492666819,3.24068333333333,8,"231903657833317"
1,26,"Susan",NA,"graduated_high_school",1552492861260,2,"male","black_feather","english","feather","Wed Mar 13 2019 10:57:46 GMT-0500 (Central Daylight Time)",1552492666819,3.24068333333333,9,"231903657833317"
1,26,"Susan",NA,"graduated_high_school",1552492861260,2,"male","yellow_banana","english","banana","Wed Mar 13 2019 10:57:46 GMT-0500 (Central Daylight Time)",1552492666819,3.24068333333333,10,"231903657833317"
1,26,"Susan",NA,"graduated_high_school",1552492861260,2,"male","green_swan","english","goose","Wed Mar 13 2019 10:57:46 GMT-0500 (Central Daylight Time)",1552492666819,3.24068333333333,11,"231903657833317"
1,26,"Susan",NA,"graduated_high_school",1552492861260,2,"male","white_carrot","english","pepper","Wed Mar 13 2019 10:57:46 GMT-0500 (Central Daylight Time)",1552492666819,3.24068333333333,12,"231903657833317"
1,26,"Susan",NA,"graduated_high_school",1552492861260,2,"male","red_broccoli","english","red broccoli","Wed Mar 13 2019 10:57:46 GMT-0500 (Central Daylight Time)",1552492666819,3.24068333333333,13,"231903657833317"
1,26,"Susan",NA,"graduated_high_school",1552492861260,2,"male","yellow_jacket","english","coat","Wed Mar 13 2019 10:57:46 GMT-0500 (Central Daylight Time)",1552492666819,3.24068333333333,14,"231903657833317"
1,26,"Susan",NA,"graduated_high_school",1552492861260,2,"male","white_swan","english","goose","Wed Mar 13 2019 10:57:46 GMT-0500 (Central Daylight Time)",1552492666819,3.24068333333333,15,"231903657833317"
1,26,"Susan",NA,"graduated_high_school",1552492861260,2,"male","orange_carrot","english","carrot","Wed Mar 13 2019 10:57:46 GMT-0500 (Central Daylight Time)",1552492666819,3.24068333333333,16,"231903657833317"
1,28,"Jennifer",NA,"graduated_college",1552492814964,2,"male","blue_sponge","English","sponge","Wed Mar 13 2019 11:29:15 GMT-0400 (Eastern Daylight Time)",1552490955722,30.9873666666667,1,"286380980005959"
1,28,"Jennifer",NA,"graduated_college",1552492814964,2,"male","orange_carrot","English","carrot","Wed Mar 13 2019 11:29:15 GMT-0400 (Eastern Daylight Time)",1552490955722,30.9873666666667,2,"286380980005959"
1,28,"Jennifer",NA,"graduated_college",1552492814964,2,"male","white_carrot","English","carrot","Wed Mar 13 2019 11:29:15 GMT-0400 (Eastern Daylight Time)",1552490955722,30.9873666666667,3,"286380980005959"
1,28,"Jennifer",NA,"graduated_college",1552492814964,2,"male","black_feather","English","feather","Wed Mar 13 2019 11:29:15 GMT-0400 (Eastern Daylight Time)",1552490955722,30.9873666666667,4,"286380980005959"
1,28,"Jennifer",NA,"graduated_college",1552492814964,2,"male","orange_butterfly","English","butterfly","Wed Mar 13 2019 11:29:15 GMT-0400 (Eastern Daylight Time)",1552490955722,30.9873666666667,5,"286380980005959"
1,28,"Jennifer",NA,"graduated_college",1552492814964,2,"male","yellow_banana","English","banana","Wed Mar 13 2019 11:29:15 GMT-0400 (Eastern Daylight Time)",1552490955722,30.9873666666667,6,"286380980005959"
1,28,"Jennifer",NA,"graduated_college",1552492814964,2,"male","orange_mug","English","tea cup","Wed Mar 13 2019 11:29:15 GMT-0400 (Eastern Daylight Time)",1552490955722,30.9873666666667,7,"286380980005959"
1,28,"Jennifer",NA,"graduated_college",1552492814964,2,"male","red_broccoli","English","broccoli","Wed Mar 13 2019 11:29:15 GMT-0400 (Eastern Daylight Time)",1552490955722,30.9873666666667,8,"286380980005959"
1,28,"Jennifer",NA,"graduated_college",1552492814964,2,"male","yellow_jacket","English","jacket","Wed Mar 13 2019 11:29:15 GMT-0400 (Eastern Daylight Time)",1552490955722,30.9873666666667,9,"286380980005959"
1,28,"Jennifer",NA,"graduated_college",1552492814964,2,"male","green_swan","English","swan","Wed Mar 13 2019 11:29:15 GMT-0400 (Eastern Daylight Time)",1552490955722,30.9873666666667,10,"286380980005959"
1,28,"Jennifer",NA,"graduated_college",1552492814964,2,"male","green_scissors","English","scissor","Wed Mar 13 2019 11:29:15 GMT-0400 (Eastern Daylight Time)",1552490955722,30.9873666666667,11,"286380980005959"
1,28,"Jennifer",NA,"graduated_college",1552492814964,2,"male","red_book","English","book","Wed Mar 13 2019 11:29:15 GMT-0400 (Eastern Daylight Time)",1552490955722,30.9873666666667,12,"286380980005959"
1,28,"Jennifer",NA,"graduated_college",1552492814964,2,"male","red_bellpepper","English","red pepper","Wed Mar 13 2019 11:29:15 GMT-0400 (Eastern Daylight Time)",1552490955722,30.9873666666667,13,"286380980005959"
1,28,"Jennifer",NA,"graduated_college",1552492814964,2,"male","white_swan","English","swan","Wed Mar 13 2019 11:29:15 GMT-0400 (Eastern Daylight Time)",1552490955722,30.9873666666667,14,"286380980005959"
1,28,"Jennifer",NA,"graduated_college",1552492814964,2,"male","orange_banana","English","banana","Wed Mar 13 2019 11:29:15 GMT-0400 (Eastern Daylight Time)",1552490955722,30.9873666666667,15,"286380980005959"
1,28,"Jennifer",NA,"graduated_college",1552492814964,2,"male","green_broccoli","English","broccoli","Wed Mar 13 2019 11:29:15 GMT-0400 (Eastern Daylight Time)",1552490955722,30.9873666666667,16,"286380980005959"
1,34,"Susan",NA,"some_college",1552492812578,1,"female","green_swan","English","swan","Wed Mar 13 2019 10:57:46 GMT-0500 (Central Daylight Time)",1552492666011,2.44278333333333,1,"738760352211822"
1,34,"Susan",NA,"some_college",1552492812578,1,"female","black_feather","English","feather","Wed Mar 13 2019 10:57:46 GMT-0500 (Central Daylight Time)",1552492666011,2.44278333333333,2,"738760352211822"
1,34,"Susan",NA,"some_college",1552492812578,1,"female","red_book","English","book","Wed Mar 13 2019 10:57:46 GMT-0500 (Central Daylight Time)",1552492666011,2.44278333333333,3,"738760352211822"
1,34,"Susan",NA,"some_college",1552492812578,1,"female","orange_carrot","English","carrot","Wed Mar 13 2019 10:57:46 GMT-0500 (Central Daylight Time)",1552492666011,2.44278333333333,4,"738760352211822"
1,34,"Susan",NA,"some_college",1552492812578,1,"female","blue_sponge","English","sponge","Wed Mar 13 2019 10:57:46 GMT-0500 (Central Daylight Time)",1552492666011,2.44278333333333,5,"738760352211822"
1,34,"Susan",NA,"some_college",1552492812578,1,"female","green_broccoli","English","broccoli","Wed Mar 13 2019 10:57:46 GMT-0500 (Central Daylight Time)",1552492666011,2.44278333333333,6,"738760352211822"
1,34,"Susan",NA,"some_college",1552492812578,1,"female","orange_mug","English","mug","Wed Mar 13 2019 10:57:46 GMT-0500 (Central Daylight Time)",1552492666011,2.44278333333333,7,"738760352211822"
1,34,"Susan",NA,"some_college",1552492812578,1,"female","red_broccoli","English","broccoli","Wed Mar 13 2019 10:57:46 GMT-0500 (Central Daylight Time)",1552492666011,2.44278333333333,8,"738760352211822"
1,34,"Susan",NA,"some_college",1552492812578,1,"female","yellow_banana","English","banana","Wed Mar 13 2019 10:57:46 GMT-0500 (Central Daylight Time)",1552492666011,2.44278333333333,9,"738760352211822"
1,34,"Susan",NA,"some_college",1552492812578,1,"female","orange_butterfly","English","butterfly","Wed Mar 13 2019 10:57:46 GMT-0500 (Central Daylight Time)",1552492666011,2.44278333333333,10,"738760352211822"
1,34,"Susan",NA,"some_college",1552492812578,1,"female","orange_banana","English","banana","Wed Mar 13 2019 10:57:46 GMT-0500 (Central Daylight Time)",1552492666011,2.44278333333333,11,"738760352211822"
1,34,"Susan",NA,"some_college",1552492812578,1,"female","green_scissors","English","scissors","Wed Mar 13 2019 10:57:46 GMT-0500 (Central Daylight Time)",1552492666011,2.44278333333333,12,"738760352211822"
1,34,"Susan",NA,"some_college",1552492812578,1,"female","red_bellpepper","English","pepper","Wed Mar 13 2019 10:57:46 GMT-0500 (Central Daylight Time)",1552492666011,2.44278333333333,13,"738760352211822"
1,34,"Susan",NA,"some_college",1552492812578,1,"female","yellow_jacket","English","jacket","Wed Mar 13 2019 10:57:46 GMT-0500 (Central Daylight Time)",1552492666011,2.44278333333333,14,"738760352211822"
1,34,"Susan",NA,"some_college",1552492812578,1,"female","white_swan","English","swan","Wed Mar 13 2019 10:57:46 GMT-0500 (Central Daylight Time)",1552492666011,2.44278333333333,15,"738760352211822"
1,34,"Susan",NA,"some_college",1552492812578,1,"female","white_carrot","English","carrot","Wed Mar 13 2019 10:57:46 GMT-0500 (Central Daylight Time)",1552492666011,2.44278333333333,16,"738760352211822"
1,56,"patricia",NA,"some_college",1552492626637,1,"male","yellow_banana","en","banana","Wed Mar 13 2019 10:55:00 GMT-0500 (Central Daylight Time)",1552492500495,2.10236666666667,1,"174437083637424"
1,56,"patricia",NA,"some_college",1552492626637,1,"male","red_bellpepper","en","pepper","Wed Mar 13 2019 10:55:00 GMT-0500 (Central Daylight Time)",1552492500495,2.10236666666667,2,"174437083637424"
1,56,"patricia",NA,"some_college",1552492626637,1,"male","red_book","en","book","Wed Mar 13 2019 10:55:00 GMT-0500 (Central Daylight Time)",1552492500495,2.10236666666667,3,"174437083637424"
1,56,"patricia",NA,"some_college",1552492626637,1,"male","white_carrot","en","carrot","Wed Mar 13 2019 10:55:00 GMT-0500 (Central Daylight Time)",1552492500495,2.10236666666667,4,"174437083637424"
1,56,"patricia",NA,"some_college",1552492626637,1,"male","orange_mug","en","mug","Wed Mar 13 2019 10:55:00 GMT-0500 (Central Daylight Time)",1552492500495,2.10236666666667,5,"174437083637424"
1,56,"patricia",NA,"some_college",1552492626637,1,"male","orange_banana","en","banana","Wed Mar 13 2019 10:55:00 GMT-0500 (Central Daylight Time)",1552492500495,2.10236666666667,6,"174437083637424"
1,56,"patricia",NA,"some_college",1552492626637,1,"male","green_swan","en","goose","Wed Mar 13 2019 10:55:00 GMT-0500 (Central Daylight Time)",1552492500495,2.10236666666667,7,"174437083637424"
1,56,"patricia",NA,"some_college",1552492626637,1,"male","black_feather","en","feather","Wed Mar 13 2019 10:55:00 GMT-0500 (Central Daylight Time)",1552492500495,2.10236666666667,8,"174437083637424"
1,56,"patricia",NA,"some_college",1552492626637,1,"male","green_scissors","en","scissors","Wed Mar 13 2019 10:55:00 GMT-0500 (Central Daylight Time)",1552492500495,2.10236666666667,9,"174437083637424"
1,56,"patricia",NA,"some_college",1552492626637,1,"male","green_broccoli","en","broccoli","Wed Mar 13 2019 10:55:00 GMT-0500 (Central Daylight Time)",1552492500495,2.10236666666667,10,"174437083637424"
1,56,"patricia",NA,"some_college",1552492626637,1,"male","orange_carrot","en","carrot","Wed Mar 13 2019 10:55:00 GMT-0500 (Central Daylight Time)",1552492500495,2.10236666666667,11,"174437083637424"
1,56,"patricia",NA,"some_college",1552492626637,1,"male","white_swan","en","goose","Wed Mar 13 2019 10:55:00 GMT-0500 (Central Daylight Time)",1552492500495,2.10236666666667,12,"174437083637424"
1,56,"patricia",NA,"some_college",1552492626637,1,"male","orange_butterfly","en","butterfly","Wed Mar 13 2019 10:55:00 GMT-0500 (Central Daylight Time)",1552492500495,2.10236666666667,13,"174437083637424"
1,56,"patricia",NA,"some_college",1552492626637,1,"male","yellow_jacket","en","coat","Wed Mar 13 2019 10:55:00 GMT-0500 (Central Daylight Time)",1552492500495,2.10236666666667,14,"174437083637424"
1,56,"patricia",NA,"some_college",1552492626637,1,"male","blue_sponge","en","sponge","Wed Mar 13 2019 10:55:00 GMT-0500 (Central Daylight Time)",1552492500495,2.10236666666667,15,"174437083637424"
1,56,"patricia",NA,"some_college",1552492626637,1,"male","red_broccoli","en","broccoli","Wed Mar 13 2019 10:55:00 GMT-0500 (Central Daylight Time)",1552492500495,2.10236666666667,16,"174437083637424"
1,67,"Mary","none","graduated_college",1552492582938,1,"male","green_scissors","english","scissors","Wed Mar 13 2019 11:52:53 GMT-0400 (Eastern Daylight Time)",1552492373599,3.48898333333333,1,"516860408176790"
1,67,"Mary","none","graduated_college",1552492582938,1,"male","red_book","english","book","Wed Mar 13 2019 11:52:53 GMT-0400 (Eastern Daylight Time)",1552492373599,3.48898333333333,2,"516860408176790"
1,67,"Mary","none","graduated_college",1552492582938,1,"male","white_carrot","english","carrot","Wed Mar 13 2019 11:52:53 GMT-0400 (Eastern Daylight Time)",1552492373599,3.48898333333333,3,"516860408176790"
1,67,"Mary","none","graduated_college",1552492582938,1,"male","orange_mug","english","cup","Wed Mar 13 2019 11:52:53 GMT-0400 (Eastern Daylight Time)",1552492373599,3.48898333333333,4,"516860408176790"
1,67,"Mary","none","graduated_college",1552492582938,1,"male","orange_butterfly","english","butterfly","Wed Mar 13 2019 11:52:53 GMT-0400 (Eastern Daylight Time)",1552492373599,3.48898333333333,5,"516860408176790"
1,67,"Mary","none","graduated_college",1552492582938,1,"male","blue_sponge","english","sponge","Wed Mar 13 2019 11:52:53 GMT-0400 (Eastern Daylight Time)",1552492373599,3.48898333333333,6,"516860408176790"
1,67,"Mary","none","graduated_college",1552492582938,1,"male","orange_carrot","english","carrot","Wed Mar 13 2019 11:52:53 GMT-0400 (Eastern Daylight Time)",1552492373599,3.48898333333333,7,"516860408176790"
1,67,"Mary","none","graduated_college",1552492582938,1,"male","orange_banana","english","banana","Wed Mar 13 2019 11:52:53 GMT-0400 (Eastern Daylight Time)",1552492373599,3.48898333333333,8,"516860408176790"
1,67,"Mary","none","graduated_college",1552492582938,1,"male","green_broccoli","english","brocholi","Wed Mar 13 2019 11:52:53 GMT-0400 (Eastern Daylight Time)",1552492373599,3.48898333333333,9,"516860408176790"
1,67,"Mary","none","graduated_college",1552492582938,1,"male","red_bellpepper","english","pepper","Wed Mar 13 2019 11:52:53 GMT-0400 (Eastern Daylight Time)",1552492373599,3.48898333333333,10,"516860408176790"
1,67,"Mary","none","graduated_college",1552492582938,1,"male","yellow_jacket","english","coat","Wed Mar 13 2019 11:52:53 GMT-0400 (Eastern Daylight Time)",1552492373599,3.48898333333333,11,"516860408176790"
1,67,"Mary","none","graduated_college",1552492582938,1,"male","yellow_banana","english","banana","Wed Mar 13 2019 11:52:53 GMT-0400 (Eastern Daylight Time)",1552492373599,3.48898333333333,12,"516860408176790"
1,67,"Mary","none","graduated_college",1552492582938,1,"male","white_swan","english","swan","Wed Mar 13 2019 11:52:53 GMT-0400 (Eastern Daylight Time)",1552492373599,3.48898333333333,13,"516860408176790"
1,67,"Mary","none","graduated_college",1552492582938,1,"male","red_broccoli","english","brocholi","Wed Mar 13 2019 11:52:53 GMT-0400 (Eastern Daylight Time)",1552492373599,3.48898333333333,14,"516860408176790"
1,67,"Mary","none","graduated_college",1552492582938,1,"male","green_swan","english","swan","Wed Mar 13 2019 11:52:53 GMT-0400 (Eastern Daylight Time)",1552492373599,3.48898333333333,15,"516860408176790"
1,67,"Mary","none","graduated_college",1552492582938,1,"male","black_feather","english","feather","Wed Mar 13 2019 11:52:53 GMT-0400 (Eastern Daylight Time)",1552492373599,3.48898333333333,16,"516860408176790"
1,34,"Susan","None","graduated_college",1552492422341,2,"male","red_bellpepper","English","Red bell pepper","Wed Mar 13 2019 11:42:18 GMT-0400 (Eastern Daylight Time)",1552491738314,11.40045,1,"193732920077798"
1,34,"Susan","None","graduated_college",1552492422341,2,"male","black_feather","English","Feather","Wed Mar 13 2019 11:42:18 GMT-0400 (Eastern Daylight Time)",1552491738314,11.40045,2,"193732920077798"
1,34,"Susan","None","graduated_college",1552492422341,2,"male","blue_sponge","English","Mattress","Wed Mar 13 2019 11:42:18 GMT-0400 (Eastern Daylight Time)",1552491738314,11.40045,3,"193732920077798"
1,34,"Susan","None","graduated_college",1552492422341,2,"male","orange_mug","English","Mug","Wed Mar 13 2019 11:42:18 GMT-0400 (Eastern Daylight Time)",1552491738314,11.40045,4,"193732920077798"
1,34,"Susan","None","graduated_college",1552492422341,2,"male","green_scissors","English","Scissors","Wed Mar 13 2019 11:42:18 GMT-0400 (Eastern Daylight Time)",1552491738314,11.40045,5,"193732920077798"
1,34,"Susan","None","graduated_college",1552492422341,2,"male","yellow_banana","English","Saba Banana","Wed Mar 13 2019 11:42:18 GMT-0400 (Eastern Daylight Time)",1552491738314,11.40045,6,"193732920077798"
1,34,"Susan","None","graduated_college",1552492422341,2,"male","orange_banana","English","Saba banana","Wed Mar 13 2019 11:42:18 GMT-0400 (Eastern Daylight Time)",1552491738314,11.40045,7,"193732920077798"
1,34,"Susan","None","graduated_college",1552492422341,2,"male","yellow_jacket","English","Hoodie","Wed Mar 13 2019 11:42:18 GMT-0400 (Eastern Daylight Time)",1552491738314,11.40045,8,"193732920077798"
1,34,"Susan","None","graduated_college",1552492422341,2,"male","white_carrot","English","Plant","Wed Mar 13 2019 11:42:18 GMT-0400 (Eastern Daylight Time)",1552491738314,11.40045,9,"193732920077798"
1,34,"Susan","None","graduated_college",1552492422341,2,"male","white_swan","English","Tundra Swan","Wed Mar 13 2019 11:42:18 GMT-0400 (Eastern Daylight Time)",1552491738314,11.40045,10,"193732920077798"
1,34,"Susan","None","graduated_college",1552492422341,2,"male","orange_butterfly","English","Silver Washed Fritillary","Wed Mar 13 2019 11:42:18 GMT-0400 (Eastern Daylight Time)",1552491738314,11.40045,11,"193732920077798"
1,34,"Susan","None","graduated_college",1552492422341,2,"male","red_book","English","Clip art book","Wed Mar 13 2019 11:42:18 GMT-0400 (Eastern Daylight Time)",1552491738314,11.40045,12,"193732920077798"
1,34,"Susan","None","graduated_college",1552492422341,2,"male","red_broccoli","English","Broccoli","Wed Mar 13 2019 11:42:18 GMT-0400 (Eastern Daylight Time)",1552491738314,11.40045,13,"193732920077798"
1,34,"Susan","None","graduated_college",1552492422341,2,"male","green_broccoli","English","Green broccoli","Wed Mar 13 2019 11:42:18 GMT-0400 (Eastern Daylight Time)",1552491738314,11.40045,14,"193732920077798"
1,34,"Susan","None","graduated_college",1552492422341,2,"male","orange_carrot","English","Carrot","Wed Mar 13 2019 11:42:18 GMT-0400 (Eastern Daylight Time)",1552491738314,11.40045,15,"193732920077798"
1,34,"Susan","None","graduated_college",1552492422341,2,"male","green_swan","English","Green Swan","Wed Mar 13 2019 11:42:18 GMT-0400 (Eastern Daylight Time)",1552491738314,11.40045,16,"193732920077798"
1,38,"Elizabeth",NA,"graduated_college",1552492220661,1,"female","yellow_jacket","english","coat","Wed Mar 13 2019 05:48:51 GMT-1000 (Hawaii-Aleutian Standard Time)",1552492131807,1.4809,1,"943050359664692"
1,38,"Elizabeth",NA,"graduated_college",1552492220661,1,"female","black_feather","english","feather","Wed Mar 13 2019 05:48:51 GMT-1000 (Hawaii-Aleutian Standard Time)",1552492131807,1.4809,2,"943050359664692"
1,38,"Elizabeth",NA,"graduated_college",1552492220661,1,"female","green_swan","english","duck","Wed Mar 13 2019 05:48:51 GMT-1000 (Hawaii-Aleutian Standard Time)",1552492131807,1.4809,3,"943050359664692"
1,38,"Elizabeth",NA,"graduated_college",1552492220661,1,"female","orange_butterfly","english","butterfly","Wed Mar 13 2019 05:48:51 GMT-1000 (Hawaii-Aleutian Standard Time)",1552492131807,1.4809,4,"943050359664692"
1,38,"Elizabeth",NA,"graduated_college",1552492220661,1,"female","white_swan","english","swan","Wed Mar 13 2019 05:48:51 GMT-1000 (Hawaii-Aleutian Standard Time)",1552492131807,1.4809,5,"943050359664692"
1,38,"Elizabeth",NA,"graduated_college",1552492220661,1,"female","yellow_banana","english","banana","Wed Mar 13 2019 05:48:51 GMT-1000 (Hawaii-Aleutian Standard Time)",1552492131807,1.4809,6,"943050359664692"
1,38,"Elizabeth",NA,"graduated_college",1552492220661,1,"female","red_book","english","book","Wed Mar 13 2019 05:48:51 GMT-1000 (Hawaii-Aleutian Standard Time)",1552492131807,1.4809,7,"943050359664692"
1,38,"Elizabeth",NA,"graduated_college",1552492220661,1,"female","red_bellpepper","english","pepper","Wed Mar 13 2019 05:48:51 GMT-1000 (Hawaii-Aleutian Standard Time)",1552492131807,1.4809,8,"943050359664692"
1,38,"Elizabeth",NA,"graduated_college",1552492220661,1,"female","green_scissors","english","scissors","Wed Mar 13 2019 05:48:51 GMT-1000 (Hawaii-Aleutian Standard Time)",1552492131807,1.4809,9,"943050359664692"
1,38,"Elizabeth",NA,"graduated_college",1552492220661,1,"female","red_broccoli","english","broccoli","Wed Mar 13 2019 05:48:51 GMT-1000 (Hawaii-Aleutian Standard Time)",1552492131807,1.4809,10,"943050359664692"
1,38,"Elizabeth",NA,"graduated_college",1552492220661,1,"female","orange_mug","english","mug","Wed Mar 13 2019 05:48:51 GMT-1000 (Hawaii-Aleutian Standard Time)",1552492131807,1.4809,11,"943050359664692"
1,38,"Elizabeth",NA,"graduated_college",1552492220661,1,"female","orange_banana","english","banana","Wed Mar 13 2019 05:48:51 GMT-1000 (Hawaii-Aleutian Standard Time)",1552492131807,1.4809,12,"943050359664692"
1,38,"Elizabeth",NA,"graduated_college",1552492220661,1,"female","white_carrot","english","carrot","Wed Mar 13 2019 05:48:51 GMT-1000 (Hawaii-Aleutian Standard Time)",1552492131807,1.4809,13,"943050359664692"
1,38,"Elizabeth",NA,"graduated_college",1552492220661,1,"female","orange_carrot","english","carrot","Wed Mar 13 2019 05:48:51 GMT-1000 (Hawaii-Aleutian Standard Time)",1552492131807,1.4809,14,"943050359664692"
1,38,"Elizabeth",NA,"graduated_college",1552492220661,1,"female","green_broccoli","english","broccoli","Wed Mar 13 2019 05:48:51 GMT-1000 (Hawaii-Aleutian Standard Time)",1552492131807,1.4809,15,"943050359664692"
1,38,"Elizabeth",NA,"graduated_college",1552492220661,1,"female","blue_sponge","english","sponge","Wed Mar 13 2019 05:48:51 GMT-1000 (Hawaii-Aleutian Standard Time)",1552492131807,1.4809,16,"943050359664692"
1,28,"Patricia",NA,"some_college",1552491906549,1,"male","orange_mug","english","cup","Wed Mar 13 2019 11:42:32 GMT-0400 (Eastern Daylight Time)",1552491752987,2.55936666666667,1,"482083284321692"
1,28,"Patricia",NA,"some_college",1552491906549,1,"male","red_broccoli","english","broccoli","Wed Mar 13 2019 11:42:32 GMT-0400 (Eastern Daylight Time)",1552491752987,2.55936666666667,2,"482083284321692"
1,28,"Patricia",NA,"some_college",1552491906549,1,"male","red_bellpepper","english","pepper","Wed Mar 13 2019 11:42:32 GMT-0400 (Eastern Daylight Time)",1552491752987,2.55936666666667,3,"482083284321692"
1,28,"Patricia",NA,"some_college",1552491906549,1,"male","orange_butterfly","english","butterfly","Wed Mar 13 2019 11:42:32 GMT-0400 (Eastern Daylight Time)",1552491752987,2.55936666666667,4,"482083284321692"
1,28,"Patricia",NA,"some_college",1552491906549,1,"male","green_broccoli","english","broccoli","Wed Mar 13 2019 11:42:32 GMT-0400 (Eastern Daylight Time)",1552491752987,2.55936666666667,5,"482083284321692"
1,28,"Patricia",NA,"some_college",1552491906549,1,"male","black_feather","english","feather","Wed Mar 13 2019 11:42:32 GMT-0400 (Eastern Daylight Time)",1552491752987,2.55936666666667,6,"482083284321692"
1,28,"Patricia",NA,"some_college",1552491906549,1,"male","white_carrot","english","carrot","Wed Mar 13 2019 11:42:32 GMT-0400 (Eastern Daylight Time)",1552491752987,2.55936666666667,7,"482083284321692"
1,28,"Patricia",NA,"some_college",1552491906549,1,"male","white_swan","english","swan","Wed Mar 13 2019 11:42:32 GMT-0400 (Eastern Daylight Time)",1552491752987,2.55936666666667,8,"482083284321692"
1,28,"Patricia",NA,"some_college",1552491906549,1,"male","green_scissors","english","scissors","Wed Mar 13 2019 11:42:32 GMT-0400 (Eastern Daylight Time)",1552491752987,2.55936666666667,9,"482083284321692"
1,28,"Patricia",NA,"some_college",1552491906549,1,"male","blue_sponge","english","sponge","Wed Mar 13 2019 11:42:32 GMT-0400 (Eastern Daylight Time)",1552491752987,2.55936666666667,10,"482083284321692"
1,28,"Patricia",NA,"some_college",1552491906549,1,"male","yellow_jacket","english","jacket","Wed Mar 13 2019 11:42:32 GMT-0400 (Eastern Daylight Time)",1552491752987,2.55936666666667,11,"482083284321692"
1,28,"Patricia",NA,"some_college",1552491906549,1,"male","red_book","english","book","Wed Mar 13 2019 11:42:32 GMT-0400 (Eastern Daylight Time)",1552491752987,2.55936666666667,12,"482083284321692"
1,28,"Patricia",NA,"some_college",1552491906549,1,"male","orange_carrot","english","carrot","Wed Mar 13 2019 11:42:32 GMT-0400 (Eastern Daylight Time)",1552491752987,2.55936666666667,13,"482083284321692"
1,28,"Patricia",NA,"some_college",1552491906549,1,"male","green_swan","english","swan","Wed Mar 13 2019 11:42:32 GMT-0400 (Eastern Daylight Time)",1552491752987,2.55936666666667,14,"482083284321692"
1,28,"Patricia",NA,"some_college",1552491906549,1,"male","yellow_banana","english","banana","Wed Mar 13 2019 11:42:32 GMT-0400 (Eastern Daylight Time)",1552491752987,2.55936666666667,15,"482083284321692"
1,28,"Patricia",NA,"some_college",1552491906549,1,"male","orange_banana","english","banana","Wed Mar 13 2019 11:42:32 GMT-0400 (Eastern Daylight Time)",1552491752987,2.55936666666667,16,"482083284321692"
1,34,"Sarah","No comments - thanks for the opportunity","graduated_high_school",1552491361052,1,"male","orange_mug","english","mug","Wed Mar 13 2019 11:34:45 GMT-0400 (Eastern Daylight Time)",1552491285715,1.25561666666667,1,"364791757309401"
1,34,"Sarah","No comments - thanks for the opportunity","graduated_high_school",1552491361052,1,"male","orange_butterfly","english","butterfly","Wed Mar 13 2019 11:34:45 GMT-0400 (Eastern Daylight Time)",1552491285715,1.25561666666667,2,"364791757309401"
1,34,"Sarah","No comments - thanks for the opportunity","graduated_high_school",1552491361052,1,"male","red_book","english","book","Wed Mar 13 2019 11:34:45 GMT-0400 (Eastern Daylight Time)",1552491285715,1.25561666666667,3,"364791757309401"
1,34,"Sarah","No comments - thanks for the opportunity","graduated_high_school",1552491361052,1,"male","white_swan","english","swan","Wed Mar 13 2019 11:34:45 GMT-0400 (Eastern Daylight Time)",1552491285715,1.25561666666667,4,"364791757309401"
1,34,"Sarah","No comments - thanks for the opportunity","graduated_high_school",1552491361052,1,"male","white_carrot","english","carrot","Wed Mar 13 2019 11:34:45 GMT-0400 (Eastern Daylight Time)",1552491285715,1.25561666666667,5,"364791757309401"
1,34,"Sarah","No comments - thanks for the opportunity","graduated_high_school",1552491361052,1,"male","orange_banana","english","banana","Wed Mar 13 2019 11:34:45 GMT-0400 (Eastern Daylight Time)",1552491285715,1.25561666666667,6,"364791757309401"
1,34,"Sarah","No comments - thanks for the opportunity","graduated_high_school",1552491361052,1,"male","orange_carrot","english","carrot","Wed Mar 13 2019 11:34:45 GMT-0400 (Eastern Daylight Time)",1552491285715,1.25561666666667,7,"364791757309401"
1,34,"Sarah","No comments - thanks for the opportunity","graduated_high_school",1552491361052,1,"male","yellow_jacket","english","jacket","Wed Mar 13 2019 11:34:45 GMT-0400 (Eastern Daylight Time)",1552491285715,1.25561666666667,8,"364791757309401"
1,34,"Sarah","No comments - thanks for the opportunity","graduated_high_school",1552491361052,1,"male","red_bellpepper","english","pepper","Wed Mar 13 2019 11:34:45 GMT-0400 (Eastern Daylight Time)",1552491285715,1.25561666666667,9,"364791757309401"
1,34,"Sarah","No comments - thanks for the opportunity","graduated_high_school",1552491361052,1,"male","red_broccoli","english","broccoli","Wed Mar 13 2019 11:34:45 GMT-0400 (Eastern Daylight Time)",1552491285715,1.25561666666667,10,"364791757309401"
1,34,"Sarah","No comments - thanks for the opportunity","graduated_high_school",1552491361052,1,"male","yellow_banana","english","banana","Wed Mar 13 2019 11:34:45 GMT-0400 (Eastern Daylight Time)",1552491285715,1.25561666666667,11,"364791757309401"
1,34,"Sarah","No comments - thanks for the opportunity","graduated_high_school",1552491361052,1,"male","green_swan","english","swan","Wed Mar 13 2019 11:34:45 GMT-0400 (Eastern Daylight Time)",1552491285715,1.25561666666667,12,"364791757309401"
1,34,"Sarah","No comments - thanks for the opportunity","graduated_high_school",1552491361052,1,"male","blue_sponge","english","sponge","Wed Mar 13 2019 11:34:45 GMT-0400 (Eastern Daylight Time)",1552491285715,1.25561666666667,13,"364791757309401"
1,34,"Sarah","No comments - thanks for the opportunity","graduated_high_school",1552491361052,1,"male","green_scissors","english","scissors","Wed Mar 13 2019 11:34:45 GMT-0400 (Eastern Daylight Time)",1552491285715,1.25561666666667,14,"364791757309401"
1,34,"Sarah","No comments - thanks for the opportunity","graduated_high_school",1552491361052,1,"male","green_broccoli","english","broccoli","Wed Mar 13 2019 11:34:45 GMT-0400 (Eastern Daylight Time)",1552491285715,1.25561666666667,15,"364791757309401"
1,34,"Sarah","No comments - thanks for the opportunity","graduated_high_school",1552491361052,1,"male","black_feather","english","feather","Wed Mar 13 2019 11:34:45 GMT-0400 (Eastern Daylight Time)",1552491285715,1.25561666666667,16,"364791757309401"
1,25,"Margaret",NA,"some_college",1552491156260,2,"female","white_swan","English","Swan","Wed Mar 13 2019 10:30:12 GMT-0500 (CDT)",1552491012759,2.39168333333333,1,"976998401432446"
1,25,"Margaret",NA,"some_college",1552491156260,2,"female","blue_sponge","English","Sponge","Wed Mar 13 2019 10:30:12 GMT-0500 (CDT)",1552491012759,2.39168333333333,2,"976998401432446"
1,25,"Margaret",NA,"some_college",1552491156260,2,"female","green_swan","English","Green swan","Wed Mar 13 2019 10:30:12 GMT-0500 (CDT)",1552491012759,2.39168333333333,3,"976998401432446"
1,25,"Margaret",NA,"some_college",1552491156260,2,"female","black_feather","English","Bird feather","Wed Mar 13 2019 10:30:12 GMT-0500 (CDT)",1552491012759,2.39168333333333,4,"976998401432446"
1,25,"Margaret",NA,"some_college",1552491156260,2,"female","orange_butterfly","English","Butterfly","Wed Mar 13 2019 10:30:12 GMT-0500 (CDT)",1552491012759,2.39168333333333,5,"976998401432446"
1,25,"Margaret",NA,"some_college",1552491156260,2,"female","red_broccoli","English","Red broccoli","Wed Mar 13 2019 10:30:12 GMT-0500 (CDT)",1552491012759,2.39168333333333,6,"976998401432446"
1,25,"Margaret",NA,"some_college",1552491156260,2,"female","red_bellpepper","English","Red bell pepper","Wed Mar 13 2019 10:30:12 GMT-0500 (CDT)",1552491012759,2.39168333333333,7,"976998401432446"
1,25,"Margaret",NA,"some_college",1552491156260,2,"female","white_carrot","English","White carrot","Wed Mar 13 2019 10:30:12 GMT-0500 (CDT)",1552491012759,2.39168333333333,8,"976998401432446"
1,25,"Margaret",NA,"some_college",1552491156260,2,"female","yellow_jacket","English","Rain coat","Wed Mar 13 2019 10:30:12 GMT-0500 (CDT)",1552491012759,2.39168333333333,9,"976998401432446"
1,25,"Margaret",NA,"some_college",1552491156260,2,"female","orange_carrot","English","carrot","Wed Mar 13 2019 10:30:12 GMT-0500 (CDT)",1552491012759,2.39168333333333,10,"976998401432446"
1,25,"Margaret",NA,"some_college",1552491156260,2,"female","green_broccoli","English","broccoli","Wed Mar 13 2019 10:30:12 GMT-0500 (CDT)",1552491012759,2.39168333333333,11,"976998401432446"
1,25,"Margaret",NA,"some_college",1552491156260,2,"female","green_scissors","English","scissors","Wed Mar 13 2019 10:30:12 GMT-0500 (CDT)",1552491012759,2.39168333333333,12,"976998401432446"
1,25,"Margaret",NA,"some_college",1552491156260,2,"female","orange_banana","English","orange banana","Wed Mar 13 2019 10:30:12 GMT-0500 (CDT)",1552491012759,2.39168333333333,13,"976998401432446"
1,25,"Margaret",NA,"some_college",1552491156260,2,"female","orange_mug","English","coffee cup","Wed Mar 13 2019 10:30:12 GMT-0500 (CDT)",1552491012759,2.39168333333333,14,"976998401432446"
1,25,"Margaret",NA,"some_college",1552491156260,2,"female","red_book","English","book","Wed Mar 13 2019 10:30:12 GMT-0500 (CDT)",1552491012759,2.39168333333333,15,"976998401432446"
1,25,"Margaret",NA,"some_college",1552491156260,2,"female","yellow_banana","English","banana","Wed Mar 13 2019 10:30:12 GMT-0500 (CDT)",1552491012759,2.39168333333333,16,"976998401432446"
1,28,"Patricia",NA,"graduated_college",1552491210718,2,"female","green_swan","English","green goose","Wed Mar 13 2019 11:31:49 GMT-0400 (Eastern Daylight Time)",1552491109785,1.68221666666667,1,"225660600882034"
1,28,"Patricia",NA,"graduated_college",1552491210718,2,"female","red_book","English","orange book","Wed Mar 13 2019 11:31:49 GMT-0400 (Eastern Daylight Time)",1552491109785,1.68221666666667,2,"225660600882034"
1,28,"Patricia",NA,"graduated_college",1552491210718,2,"female","red_bellpepper","English","red pepper","Wed Mar 13 2019 11:31:49 GMT-0400 (Eastern Daylight Time)",1552491109785,1.68221666666667,3,"225660600882034"
1,28,"Patricia",NA,"graduated_college",1552491210718,2,"female","yellow_jacket","English","yellow jacket","Wed Mar 13 2019 11:31:49 GMT-0400 (Eastern Daylight Time)",1552491109785,1.68221666666667,4,"225660600882034"
1,28,"Patricia",NA,"graduated_college",1552491210718,2,"female","white_swan","English","white goose","Wed Mar 13 2019 11:31:49 GMT-0400 (Eastern Daylight Time)",1552491109785,1.68221666666667,5,"225660600882034"
1,28,"Patricia",NA,"graduated_college",1552491210718,2,"female","green_broccoli","English","broccoli","Wed Mar 13 2019 11:31:49 GMT-0400 (Eastern Daylight Time)",1552491109785,1.68221666666667,6,"225660600882034"
1,28,"Patricia",NA,"graduated_college",1552491210718,2,"female","orange_butterfly","English","butterfly","Wed Mar 13 2019 11:31:49 GMT-0400 (Eastern Daylight Time)",1552491109785,1.68221666666667,7,"225660600882034"
1,28,"Patricia",NA,"graduated_college",1552491210718,2,"female","yellow_banana","English","banana","Wed Mar 13 2019 11:31:49 GMT-0400 (Eastern Daylight Time)",1552491109785,1.68221666666667,8,"225660600882034"
1,28,"Patricia",NA,"graduated_college",1552491210718,2,"female","black_feather","English","feather","Wed Mar 13 2019 11:31:49 GMT-0400 (Eastern Daylight Time)",1552491109785,1.68221666666667,9,"225660600882034"
1,28,"Patricia",NA,"graduated_college",1552491210718,2,"female","white_carrot","English","white carrot","Wed Mar 13 2019 11:31:49 GMT-0400 (Eastern Daylight Time)",1552491109785,1.68221666666667,10,"225660600882034"
1,28,"Patricia",NA,"graduated_college",1552491210718,2,"female","orange_carrot","English","orange carrot","Wed Mar 13 2019 11:31:49 GMT-0400 (Eastern Daylight Time)",1552491109785,1.68221666666667,11,"225660600882034"
1,28,"Patricia",NA,"graduated_college",1552491210718,2,"female","green_scissors","English","scissors","Wed Mar 13 2019 11:31:49 GMT-0400 (Eastern Daylight Time)",1552491109785,1.68221666666667,12,"225660600882034"
1,28,"Patricia",NA,"graduated_college",1552491210718,2,"female","orange_mug","English","mug","Wed Mar 13 2019 11:31:49 GMT-0400 (Eastern Daylight Time)",1552491109785,1.68221666666667,13,"225660600882034"
1,28,"Patricia",NA,"graduated_college",1552491210718,2,"female","red_broccoli","English","red broccoli","Wed Mar 13 2019 11:31:49 GMT-0400 (Eastern Daylight Time)",1552491109785,1.68221666666667,14,"225660600882034"
1,28,"Patricia",NA,"graduated_college",1552491210718,2,"female","orange_banana","English","banana","Wed Mar 13 2019 11:31:49 GMT-0400 (Eastern Daylight Time)",1552491109785,1.68221666666667,15,"225660600882034"
1,28,"Patricia",NA,"graduated_college",1552491210718,2,"female","blue_sponge","English","sponge","Wed Mar 13 2019 11:31:49 GMT-0400 (Eastern Daylight Time)",1552491109785,1.68221666666667,16,"225660600882034"
1,32,"jessica","TEST","higher_degree",1552458411066,2,"female","orange_banana","German","orange banana","Tue Mar 12 2019 23:24:57 GMT-0700 (Pacific Daylight Time)",1552458297383,1.89471666666667,1,"473636694393838"
1,32,"jessica","TEST","higher_degree",1552458411066,2,"female","orange_butterfly","German","orange butterfly","Tue Mar 12 2019 23:24:57 GMT-0700 (Pacific Daylight Time)",1552458297383,1.89471666666667,2,"473636694393838"
1,32,"jessica","TEST","higher_degree",1552458411066,2,"female","orange_mug","German","mug","Tue Mar 12 2019 23:24:57 GMT-0700 (Pacific Daylight Time)",1552458297383,1.89471666666667,3,"473636694393838"
1,32,"jessica","TEST","higher_degree",1552458411066,2,"female","white_carrot","German","carrot","Tue Mar 12 2019 23:24:57 GMT-0700 (Pacific Daylight Time)",1552458297383,1.89471666666667,4,"473636694393838"
1,32,"jessica","TEST","higher_degree",1552458411066,2,"female","white_swan","German","swan","Tue Mar 12 2019 23:24:57 GMT-0700 (Pacific Daylight Time)",1552458297383,1.89471666666667,5,"473636694393838"
1,32,"jessica","TEST","higher_degree",1552458411066,2,"female","red_book","German","book","Tue Mar 12 2019 23:24:57 GMT-0700 (Pacific Daylight Time)",1552458297383,1.89471666666667,6,"473636694393838"
1,32,"jessica","TEST","higher_degree",1552458411066,2,"female","black_feather","German","feather","Tue Mar 12 2019 23:24:57 GMT-0700 (Pacific Daylight Time)",1552458297383,1.89471666666667,7,"473636694393838"
1,32,"jessica","TEST","higher_degree",1552458411066,2,"female","red_broccoli","German","broccoli","Tue Mar 12 2019 23:24:57 GMT-0700 (Pacific Daylight Time)",1552458297383,1.89471666666667,8,"473636694393838"
1,32,"jessica","TEST","higher_degree",1552458411066,2,"female","red_bellpepper","German","red pepper","Tue Mar 12 2019 23:24:57 GMT-0700 (Pacific Daylight Time)",1552458297383,1.89471666666667,9,"473636694393838"
1,32,"jessica","TEST","higher_degree",1552458411066,2,"female","blue_sponge","German","blue sponge","Tue Mar 12 2019 23:24:57 GMT-0700 (Pacific Daylight Time)",1552458297383,1.89471666666667,10,"473636694393838"
1,32,"jessica","TEST","higher_degree",1552458411066,2,"female","green_broccoli","German","broccoli","Tue Mar 12 2019 23:24:57 GMT-0700 (Pacific Daylight Time)",1552458297383,1.89471666666667,11,"473636694393838"
1,32,"jessica","TEST","higher_degree",1552458411066,2,"female","green_swan","German","swan","Tue Mar 12 2019 23:24:57 GMT-0700 (Pacific Daylight Time)",1552458297383,1.89471666666667,12,"473636694393838"
1,32,"jessica","TEST","higher_degree",1552458411066,2,"female","yellow_jacket","German","jacket","Tue Mar 12 2019 23:24:57 GMT-0700 (Pacific Daylight Time)",1552458297383,1.89471666666667,13,"473636694393838"
1,32,"jessica","TEST","higher_degree",1552458411066,2,"female","orange_carrot","German","carrot","Tue Mar 12 2019 23:24:57 GMT-0700 (Pacific Daylight Time)",1552458297383,1.89471666666667,14,"473636694393838"
1,32,"jessica","TEST","higher_degree",1552458411066,2,"female","yellow_banana","German","banana","Tue Mar 12 2019 23:24:57 GMT-0700 (Pacific Daylight Time)",1552458297383,1.89471666666667,15,"473636694393838"
1,32,"jessica","TEST","higher_degree",1552458411066,2,"female","green_scissors","German","scissors","Tue Mar 12 2019 23:24:57 GMT-0700 (Pacific Daylight Time)",1552458297383,1.89471666666667,16,"473636694393838"
